Feature Name,Predicted Direction
9Ile 5Glu Hbond sc-bb,Closed
9Ile 18Ile Hydrophobic sc-sc,Open
9Ile 15Trp Hydrophobic sc-sc,Closed
9Ile 14Ser Hbond bb-bb,Open
9Ile 13Gly Hbond bb-bb,Closed
9Ile 12Ser Hbond bb-bb,Closed
9Ile 11Lys Hbond bb-bb,Open
99Trp 168Arg Hbond sc-sc,Closed
99Trp 166Glu Hbond sc-sc,Closed
99Trp 161Asn Hbond sc-sc,Closed
99Trp 159Leu Hydrophobic sc-sc,Open
99Trp 139Leu Hydrophobic sc-sc,Closed
99Trp 102Lys Hbond bb-bb,Open
98Val 95Trp Hbond sc-bb,Closed
98Val 94Phe Hbond sc-bb,Closed
98Val 211Val Hydrophobic sc-sc,Open
98Val 170Ile Hydrophobic sc-sc,Open
98Val 103Ser Hbond bb-bb,Open
98Val 102Lys Hbond bb-bb,Closed
98Val 101Gln Hbond bb-bb,Closed
97Met 211Val Hydrophobic sc-sc,Open
97Met 101Gln Hbond bb-sc,Closed
97Met 100Glh Hbond bb-bb,Closed
96Glu 99Trp Hbond bb-bb,Open
96Glu 137Thr Hbond sc-sc,Open
96Glu 100Glh Hbond bb-sc,Open
95Trp 99Trp Hbond bb-bb,Closed
95Trp 98Val Hbond bb-sc,Closed
95Trp 91Cys Hbond sc-bb,Open
95Trp 170Ile Hydrophobic sc-sc,Closed
95Trp 159Leu Hydrophobic sc-sc,Closed
95Trp 157Leu Hydrophobic sc-sc,Closed
95Trp 141Leu Hydrophobic sc-sc,Open
95Trp 134Phe Hydrophobic sc-sc,Open
95Trp 123Tyr Hbond sc-bb,Closed
94Phe 98Val Hbond bb-sc,Closed
94Phe 97Met Hbond bb-bb,Closed
94Phe 211Val Hydrophobic sc-sc,Open
94Phe 123Tyr Hydrophobic sc-sc,Closed
94Phe 106Val Hydrophobic sc-sc,Open
93Hie 97Met Hbond bb-bb,Open
93Hie 96Glu Hbond bb-bb,Open
93Hie 90Thr Hbond sc-bb,Open
93Hie 136Asp Hbond sc-sc,Closed
92Gly 96Glu Hbond bb-bb,Open
92Gly 95Trp Hbond bb-bb,Closed
92Gly 137Thr Hbond bb-sc,Open
91Cys 95Trp Hbond bb-sc,Open
91Cys 94Phe Hbond bb-bb,Open
91Cys 88Pro Hbond sc-bb,Closed
91Cys 87Leu Hbond sc-bb,Open
91Cys 121Ala Hbond sc-sc,Closed
90Thr 94Phe Hbond bb-bb,Open
90Thr 93Hie Hbond bb-sc,Open
90Thr 87Leu Hbond sc-bb,Open
8Gln 4Lys Hbond sc-bb,Closed
8Gln 12Ser Hbond bb-sc,Closed
8Gln 11Lys Hbond bb-bb,Closed
89Asn 91Cys Hbond bb-bb,Open
89Asn 41Asn Hbond sc-bb,Open
89Asn 136Asp Hbond bb-sc,Open
88Pro 91Cys Hbond bb-sc,Closed
88Pro 90Thr Hbond bb-bb,Closed
87Leu 91Cys Hbond bb-sc,Open
87Leu 90Thr Hbond bb-sc,Open
87Leu 89Asn Hbond bb-bb,Open
86Pro 94Phe Hydrophobic sc-sc,Closed
86Pro 44Arg Hbond bb-sc,Open
86Pro 123Tyr Hydrophobic sc-sc,Closed
86Pro 121Ala Hbond bb-bb,Closed
86Pro 120Cys Hbond bb-sc,Closed
85Gly 44Arg Hbond bb-sc,Closed
85Gly 215Ser Hbond bb-bb,Open
84Gln 44Arg Hbond sc-bb,Closed
84Gln 42Arg Hbond sc-bb,Closed
84Gln 213Hid Hbond bb-sc,Open
83Thr 68Ala Hbond sc-bb,Closed
83Thr 67Asn Hbond sc-bb,Open
83Thr 212Val Hbond bb-bb,Open
82Leu 80Tyr Hbond sc-bb,Open
82Leu 259Leu Hydrophobic sc-sc,Closed
82Leu 256Arg Hbond bb-sc,Closed
81Ile 97Met Hydrophobic sc-sc,Open
81Ile 212Val Hbond bb-bb,Open
81Ile 210Val Hbond bb-bb,Open
81Ile 209Pro Hydrophobic sc-sc,Closed
80Tyr 82Leu Hbond bb-sc,Open
80Tyr 229Thr Hbond sc-sc,Closed
80Tyr 228Asp Hbond sc-sc,Closed
7Glu 9Ile Hbond bb-bb,Open
7Glu 11Lys Hbond bb-sc,Open
7Glu 10Asp Hbond bb-bb,Closed
78Arg 80Tyr Hbond sc-sc,Closed
78Arg 228Asp Saltbr sc-sc,Open
78Arg 203Leu Hbond sc-sc,Closed
78Arg 198Arg Hbond sc-sc,Open
77Gln 236Lys Hbond sc-sc,Closed
76Ala 78Arg Hbond bb-bb,Open
76Ala 236Lys Hbond bb-sc,Closed
75Glu 77Gln Hbond bb-bb,Closed
75Glu 237Arg Saltbr sc-sc,Closed
75Glu 236Lys Hbond bb-sc,Open
74Glu 77Gln Hbond bb-bb,Open
74Glu 76Ala Hbond bb-bb,Open
73Met 78Arg Hbond bb-bb,Closed
73Met 77Gln Hbond bb-bb,Closed
73Met 76Ala Hbond bb-bb,Open
73Met 75Glu Hbond bb-bb,Open
73Met 252Met Hydrophobic sc-sc,Closed
72Lys 79Ser Hbond sc-sc,Closed
72Lys 74Glu Saltbr sc-sc,Closed
71Ile 82Leu Hydrophobic sc-sc,Closed
71Ile 80Tyr Hbond bb-bb,Closed
71Ile 79Ser Hbond bb-bb,Closed
71Ile 73Met Hbond sc-sc,Closed
71Ile 255Phe Hydrophobic sc-sc,Closed
71Ile 252Met Hydrophobic sc-sc,Closed
70Leu 81Ile Hydrophobic sc-sc,Open
70Leu 72Lys Hbond bb-bb,Closed
6Phe 9Ile Hbond bb-bb,Open
6Phe 8Gln Hbond bb-bb,Open
6Phe 274Ile Hydrophobic sc-sc,Closed
6Phe 271Leu Hydrophobic sc-sc,Open
6Phe 270Tyr Hydrophobic sc-sc,Closed
6Phe 15Trp Hydrophobic sc-sc,Open
6Phe 10Asp Hbond bb-sc,Open
69Ser 82Leu Hbond bb-bb,Closed
69Ser 71Ile Hbond bb-bb,Closed
69Ser 256Arg Hbond sc-sc,Closed
69Ser 255Phe Hbond sc-bb,Open
68Ala 97Met Hydrophobic sc-sc,Closed
68Ala 83Thr Hbond bb-sc,Closed
68Ala 56Ile Hbond bb-sc,Closed
67Asn 84Gln Hbond sc-sc,Closed
67Asn 83Thr Hbond bb-sc,Open
67Asn 65Tyr Hbond bb-sc,Open
67Asn 49Ser Hbond sc-bb,Closed
67Asn 48Val Hbond sc-bb,Open
67Asn 256Arg Hbond sc-sc,Closed
66Ile 97Met Hydrophobic sc-sc,Open
66Ile 68Ala Hbond bb-bb,Closed
65Tyr 67Asn Hbond sc-bb,Open
65Tyr 63Asn Hbond bb-sc,Open
65Tyr 42Arg Hbond bb-sc,Open
64Asp 66Ile Hbond bb-bb,Open
63Asn 65Tyr Hbond sc-bb,Open
63Asn 60Gln Hbond bb-sc,Open
62Asp 38Lys Hbond bb-sc,Open
61Glu 63Asn Hbond bb-bb,Open
60Gln 96Glu Hbond sc-sc,Closed
60Gln 93Hie Hbond sc-sc,Open
60Gln 64Asp Hbond bb-bb,Closed
60Gln 63Asn Hbond sc-bb,Open
60Gln 62Asp Hbond bb-bb,Open
60Gln 137Thr Hbond sc-sc,Open
60Gln 136Asp Hbond sc-bb,Open
5Glu 9Ile Hbond bb-sc,Closed
5Glu 8Gln Hbond bb-bb,Open
5Glu 7Glu Hbond bb-bb,Closed
5Glu 270Tyr Hbond sc-sc,Closed
5Glu 246Lys Saltbr sc-sc,Closed
59Hip 96Glu Hbond sc-sc,Closed
59Hip 61Glu Hbond bb-bb,Open
59Hip 100Glh Hbond sc-sc,Open
58Leu 66Ile Hydrophobic sc-sc,Open
58Leu 64Asp Hbond bb-bb,Open
58Leu 60Gln Hbond bb-bb,Closed
58Leu 100Glh Hbond bb-sc,Open
57Lys 64Asp Saltbr sc-sc,Open
57Lys 59Hip Hbond bb-bb,Open
57Lys 100Glh Hbond bb-sc,Closed
56Ile 97Met Hydrophobic sc-sc,Closed
56Ile 81Ile Hydrophobic sc-sc,Open
56Ile 70Leu Hydrophobic sc-sc,Closed
56Ile 68Ala Hbond sc-bb,Closed
55Arg 64Asp Saltbr sc-sc,Open
55Arg 57Lys Hbond sc-sc,Open
55Arg 52Asp Hbond sc-bb,Open
54Ser 70Leu Hbond bb-bb,Closed
54Ser 69Ser Hbond bb-bb,Closed
54Ser 255Phe Hbond sc-bb,Closed
53Hip 55Arg Hbond bb-bb,Open
53Hip 254Lys Hbond sc-bb,Closed
52Asp 55Arg Hbond bb-sc,Open
52Asp 54Ser Hbond bb-bb,Closed
52Asp 33Val Hbond sc-bb,Closed
52Asp 32Arg Hbond sc-bb,Closed
52Asp 31Cys Hbond sc-bb,Open
52Asp 30Pro Hbond sc-bb,Closed
51Phe 55Arg Hbond bb-bb,Open
51Phe 54Ser Hbond bb-bb,Closed
51Phe 53Hip Hbond bb-bb,Closed
51Phe 31Cys Hbond bb-sc,Closed
51Phe 255Phe Hbond sc-bb,Closed
50Pro 65Tyr Hydrophobic sc-sc,Closed
50Pro 31Cys Hbond bb-sc,Closed
50Pro 256Arg Hbond bb-sc,Open
4Lys 8Gln Hbond bb-sc,Closed
4Lys 7Glu Hbond bb-bb,Closed
4Lys 1Glu Hbond sc-bb,Open
49Ser 67Asn Hbond bb-sc,Closed
49Ser 257Met Hbond bb-sc,Open
49Ser 256Arg Hbond bb-sc,Open
48Val 67Asn Hbond bb-sc,Open
48Val 43Asn Hbond bb-sc,Closed
48Val 256Arg Hbond bb-sc,Open
48Val 218Ile Hydrophobic sc-sc,Closed
47Asp 49Ser Hbond bb-bb,Closed
46Arg 48Val Hbond bb-bb,Open
45Tyr 48Val Hbond bb-bb,Closed
45Tyr 47Asp Hbond bb-bb,Closed
45Tyr 215Ser Hbond sc-sc,Closed
45Tyr 119Lys Hbond sc-sc,Open
44Arg 87Leu Hbond sc-sc,Open
44Arg 86Pro Hbond sc-bb,Open
44Arg 85Gly Hbond sc-bb,Closed
44Arg 84Gln Hbond bb-sc,Closed
44Arg 215Ser Hbond sc-bb,Closed
44Arg 121Ala Hbond sc-bb,Open
44Arg 120Cys Hbond sc-bb,Open
44Arg 119Lys Hbond sc-bb,Open
44Arg 118Leu Hbond sc-bb,Closed
43Asn 67Asn Hbond sc-sc,Closed
43Asn 65Tyr Hbond sc-sc,Open
43Asn 49Ser Hbond sc-sc,Closed
43Asn 48Val Hbond sc-bb,Closed
43Asn 45Tyr Hbond bb-bb,Open
43Asn 39Asn Hbond sc-bb,Closed
43Asn 34Ala Hbond sc-bb,Open
42Arg 93Hie Hbond sc-sc,Open
42Arg 84Gln Hbond bb-sc,Closed
42Arg 65Tyr Hbond sc-bb,Open
42Arg 63Asn Hbond sc-sc,Open
42Arg 60Gln Hbond sc-sc,Open
42Arg 38Lys Hbond sc-bb,Closed
41Asn 89Asn Hbond bb-sc,Open
41Asn 43Asn Hbond bb-bb,Open
41Asn 37Pro Hbond sc-bb,Closed
40Lys 43Asn Hbond bb-bb,Closed
40Lys 42Arg Hbond bb-bb,Closed
40Lys 35Lys Hbond sc-bb,Closed
3Glu 7Glu Hbond bb-bb,Open
3Glu 6Phe Hbond bb-bb,Open
3Glu 1Glu Hbond sc-bb,Closed
39Asn 65Tyr Hbond sc-sc,Closed
39Asn 63Asn Hbond sc-sc,Open
39Asn 43Asn Hbond bb-sc,Closed
39Asn 42Arg Hbond bb-bb,Open
39Asn 41Asn Hbond bb-bb,Open
39Asn 34Ala Hbond sc-bb,Closed
39Asn 33Val Hbond sc-bb,Closed
38Lys 63Asn Hbond sc-sc,Open
38Lys 62Asp Hbond sc-bb,Open
38Lys 42Arg Hbond bb-sc,Closed
38Lys 41Asn Hbond bb-bb,Closed
37Pro 41Asn Hbond bb-sc,Closed
37Pro 40Lys Hbond bb-bb,Closed
37Pro 39Asn Hbond bb-bb,Open
36Leu 40Lys Hbond bb-bb,Closed
36Leu 39Asn Hbond bb-bb,Closed
36Leu 38Lys Hbond bb-bb,Open
36Leu 33Val Hbond sc-bb,Open
36Leu 32Arg Hbond sc-bb,Open
35Lys 40Lys Hbond bb-sc,Closed
35Lys 31Cys Hbond sc-bb,Closed
34Ala 43Asn Hbond bb-sc,Open
34Ala 40Lys Hbond bb-bb,Closed
34Ala 39Asn Hbond bb-sc,Closed
34Ala 36Leu Hbond bb-bb,Closed
33Val 65Tyr Hydrophobic sc-sc,Open
33Val 52Asp Hbond bb-sc,Closed
33Val 39Asn Hbond bb-sc,Closed
33Val 36Leu Hbond bb-sc,Open
33Val 35Lys Hbond bb-bb,Open
32Arg 52Asp Hbond bb-sc,Closed
32Arg 36Leu Hbond bb-sc,Open
32Arg 35Lys Hbond bb-bb,Closed
32Arg 34Ala Hbond bb-bb,Closed
31Cys 52Asp Hbond bb-sc,Open
31Cys 51Phe Hbond sc-bb,Closed
31Cys 50Pro Hbond sc-bb,Closed
31Cys 49Ser Hbond sc-sc,Closed
31Cys 35Lys Hbond bb-sc,Closed
31Cys 34Ala Hbond bb-bb,Closed
31Cys 33Val Hbond bb-bb,Closed
30Pro 52Asp Hbond bb-sc,Closed
30Pro 32Arg Hbond sc-sc,Closed
2Met 6Phe Hbond bb-bb,Open
2Met 5Glu Hbond bb-bb,Open
2Met 4Lys Hbond bb-bb,Open
2Met 274Ile Hydrophobic sc-sc,Closed
2Met 273Val Hydrophobic sc-sc,Open
2Met 245Ile Hbond sc-sc,Closed
2Met 243Val Hbond sc-bb,Closed
2Met 240Pro Hbond sc-bb,Closed
2Met 234Met Hydrophobic sc-sc,Closed
29Phe 31Cys Hbond bb-bb,Open
298Leu 295Hip Hbond sc-bb,Open
298Leu 150Ser Hbond sc-bb,Closed
298Leu 149Lys Hbond sc-bb,Closed
297Asp 150Ser Hbond bb-sc,Open
296Glu 298Leu Hbond bb-bb,Open
296Glu 150Ser Hbond bb-sc,Closed
296Glu 149Lys Hbond bb-sc,Closed
295Hip 298Leu Hbond bb-sc,Open
295Hip 297Asp Hbond bb-bb,Open
295Hip 293Leu Hbond sc-bb,Closed
295Hip 292Glu Hbond sc-bb,Closed
295Hip 150Ser Hbond bb-sc,Closed
294Ser 296Glu Hbond bb-bb,Closed
294Ser 291Lys Hbond sc-bb,Open
294Ser 290Trp Hbond sc-bb,Open
293Leu 295Hip Hbond bb-sc,Closed
293Leu 289Gln Hbond sc-bb,Closed
292Glu 295Hip Hbond bb-sc,Closed
292Glu 294Ser Hbond bb-bb,Closed
291Lys 297Asp Saltbr sc-sc,Closed
291Lys 296Glu Saltbr sc-sc,Open
291Lys 295Hip Hbond bb-bb,Open
291Lys 294Ser Hbond bb-sc,Open
291Lys 287Gln Hbond sc-bb,Open
290Trp 294Ser Hbond bb-sc,Open
290Trp 293Leu Hbond bb-bb,Open
290Trp 287Gln Hbond sc-bb,Open
290Trp 286Val Hbond sc-bb,Closed
289Gln 293Leu Hbond bb-sc,Closed
289Gln 292Glu Hbond bb-bb,Closed
288Asp 292Glu Hbond bb-bb,Open
288Asp 291Lys Hbond bb-bb,Open
288Asp 285Ser Hbond sc-bb,Open
287Gln 291Lys Hbond bb-sc,Open
287Gln 290Trp Hbond bb-sc,Open
287Gln 196Lys Hbond sc-bb,Open
286Val 290Trp Hbond bb-sc,Closed
286Val 289Gln Hbond bb-bb,Closed
286Val 283Asp Hbond sc-bb,Closed
285Ser 289Gln Hbond bb-bb,Closed
285Ser 288Asp Hbond bb-sc,Open
285Ser 287Gln Hbond bb-bb,Closed
285Ser 283Asp Hbond bb-sc,Closed
284Ser 287Gln Hbond bb-bb,Closed
284Ser 286Val Hbond bb-bb,Closed
284Ser 279Phe Hbond bb-sc,Open
283Asp 286Val Hbond bb-sc,Closed
283Asp 285Ser Hbond sc-bb,Closed
282Gly 284Ser Hbond bb-bb,Closed
281Met 238Lys Hbond sc-bb,Open
280Ile 282Gly Hbond bb-bb,Closed
280Ile 276Gly Hbond sc-bb,Open
27Ser 29Phe Hbond sc-sc,Closed
27Ser 254Lys Hbond sc-sc,Closed
27Ser 253Arg Hbond bb-bb,Open
279Phe 290Trp Hydrophobic sc-sc,Closed
279Phe 284Ser Hbond sc-bb,Open
279Phe 283Asp Hbond bb-bb,Open
279Phe 282Gly Hbond bb-bb,Open
278Lys 283Asp Hbond bb-bb,Open
278Lys 282Gly Hbond bb-bb,Open
278Lys 281Met Hbond bb-bb,Closed
277Ala 281Met Hbond bb-bb,Open
277Ala 280Ile Hbond bb-bb,Closed
277Ala 279Phe Hbond bb-bb,Closed
276Gly 280Ile Hbond bb-sc,Open
276Gly 279Phe Hbond bb-bb,Open
275Glu 290Trp Hbond sc-sc,Open
275Glu 278Lys Saltbr sc-sc,Open
274Ile 277Ala Hbond bb-bb,Closed
274Ile 270Tyr Hbond sc-bb,Open
273Val 277Ala Hbond bb-bb,Open
273Val 276Gly Hbond bb-bb,Closed
273Val 269Ser Hbond sc-bb,Open
272Ala 276Gly Hbond bb-bb,Closed
272Ala 275Glu Hbond bb-bb,Closed
271Leu 275Glu Hbond bb-bb,Closed
271Leu 274Ile Hbond bb-bb,Closed
271Leu 267Arg Hbond sc-bb,Open
270Tyr 274Ile Hbond bb-sc,Open
270Tyr 273Val Hbond bb-bb,Closed
270Tyr 266Leu Hbond sc-bb,Open
26Ala 28Asp Hbond bb-bb,Closed
269Ser 273Val Hbond bb-sc,Open
269Ser 272Ala Hbond bb-bb,Open
269Ser 265Gln Hbond sc-bb,Open
268Phe 272Ala Hbond bb-bb,Closed
268Phe 271Leu Hbond bb-bb,Closed
267Arg 271Leu Hbond bb-sc,Open
267Arg 270Tyr Hbond bb-bb,Closed
266Leu 270Tyr Hbond bb-sc,Open
266Leu 269Ser Hbond bb-bb,Closed
265Gln 269Ser Hbond bb-sc,Open
265Gln 268Phe Hbond bb-bb,Open
265Gln 262Thr Hbond sc-bb,Closed
265Gln 261Gln Hbond sc-bb,Open
265Gln 220Arg Hbond sc-bb,Closed
265Gln 219Gly Hbond sc-bb,Open
265Gln 182Gly Hbond sc-bb,Closed
265Gln 181Phe Hbond sc-bb,Closed
264Asp 268Phe Hbond bb-bb,Open
264Asp 267Arg Hbond bb-bb,Open
264Asp 262Thr Hbond bb-sc,Open
264Asp 183Val Hbond bb-sc,Open
263Ala 267Arg Hbond bb-bb,Closed
263Ala 266Leu Hbond bb-bb,Open
262Thr 266Leu Hbond bb-bb,Closed
262Thr 265Gln Hbond bb-sc,Closed
262Thr 264Asp Hbond sc-bb,Open
262Thr 181Phe Hbond sc-bb,Closed
261Gln 265Gln Hbond bb-sc,Open
261Gln 258Gly Hbond sc-bb,Open
261Gln 219Gly Hbond sc-bb,Closed
261Gln 19Tyr Hbond bb-sc,Closed
260Ile 262Thr Hbond bb-bb,Open
260Ile 253Arg Hbond bb-sc,Open
260Ile 19Tyr Hbond bb-sc,Closed
25Glu 27Ser Hbond bb-bb,Closed
259Leu 256Arg Hbond sc-bb,Closed
259Leu 253Arg Hbond bb-sc,Closed
258Gly 261Gln Hbond bb-sc,Open
258Gly 253Arg Hbond bb-sc,Closed
257Met 49Ser Hbond sc-bb,Open
257Met 259Leu Hbond bb-bb,Closed
256Arg 82Leu Hbond sc-bb,Closed
256Arg 50Pro Hbond sc-bb,Open
256Arg 49Ser Hbond sc-bb,Open
256Arg 48Val Hbond sc-bb,Open
256Arg 259Leu Hbond bb-sc,Closed
256Arg 217Gly Hbond sc-bb,Closed
256Arg 216Ala Hbond sc-bb,Closed
255Phe 69Ser Hbond bb-sc,Open
255Phe 54Ser Hbond bb-sc,Closed
255Phe 51Phe Hbond bb-sc,Closed
255Phe 252Met Hbond sc-bb,Open
255Phe 251Glu Hbond sc-bb,Open
254Lys 53Hip Hbond bb-sc,Closed
254Lys 251Glu Hbond sc-bb,Open
254Lys 250Leu Hbond sc-bb,Open
253Arg 260Ile Hbond sc-bb,Open
253Arg 259Leu Hbond sc-bb,Closed
253Arg 258Gly Hbond sc-bb,Closed
253Arg 256Arg Hbond bb-bb,Open
253Arg 255Phe Hbond bb-bb,Open
253Arg 249Leu Hbond sc-bb,Closed
252Met 256Arg Hbond bb-bb,Open
252Met 255Phe Hbond bb-sc,Open
252Met 254Lys Hbond bb-bb,Open
252Met 225Cys Hbond sc-bb,Open
251Glu 255Phe Hbond bb-sc,Open
251Glu 254Lys Hbond bb-sc,Open
250Leu 254Lys Hbond bb-sc,Open
250Leu 253Arg Hbond bb-bb,Closed
250Leu 246Lys Hbond sc-bb,Open
24Hip 26Ala Hbond bb-bb,Open
24Hip 20Gln Hbond sc-bb,Open
249Leu 266Leu Hydrophobic sc-sc,Closed
249Leu 260Ile Hydrophobic sc-sc,Open
249Leu 253Arg Hbond bb-sc,Closed
249Leu 252Met Hbond bb-bb,Open
248Val 252Met Hbond bb-bb,Open
248Val 251Glu Hbond bb-bb,Open
248Val 244Asp Hbond sc-bb,Open
247Lys 251Glu Hbond bb-bb,Closed
247Lys 250Leu Hbond bb-bb,Closed
247Lys 244Asp Hbond bb-sc,Open
246Lys 270Tyr Hbond sc-sc,Closed
246Lys 250Leu Hbond bb-sc,Open
246Lys 249Leu Hbond bb-bb,Open
245Ile 273Val Hydrophobic sc-sc,Open
245Ile 270Tyr Hydrophobic sc-sc,Closed
245Ile 249Leu Hbond bb-bb,Open
245Ile 248Val Hbond bb-bb,Closed
244Asp 248Val Hbond bb-sc,Open
244Asp 247Lys Hbond sc-bb,Open
244Asp 246Lys Saltbr sc-sc,Open
243Val 2Met Hbond bb-sc,Closed
243Val 245Ile Hbond bb-bb,Closed
242Ser 244Asp Hbond bb-bb,Closed
241Ser 243Val Hbond bb-bb,Open
241Ser 239Asp Hbond bb-sc,Closed
241Ser 1Glu Hbond bb-sc,Open
240Pro 2Met Hbond bb-sc,Closed
240Pro 281Met Hydrophobic sc-sc,Open
240Pro 243Val Hbond bb-bb,Open
240Pro 242Ser Hbond bb-bb,Closed
23Arg 26Ala Hbond bb-bb,Open
23Arg 25Glu Hbond bb-bb,Open
23Arg 253Arg Hbond sc-sc,Closed
23Arg 20Gln Hbond sc-bb,Closed
239Asp 242Ser Hbond sc-sc,Open
239Asp 241Ser Hbond sc-bb,Closed
238Lys 281Met Hbond bb-sc,Open
238Lys 235Asp Hbond sc-bb,Closed
237Arg 242Ser Hbond sc-sc,Open
237Arg 239Asp Hbond bb-bb,Open
237Arg 233Leu Hbond sc-bb,Closed
236Lys 76Ala Hbond sc-bb,Closed
236Lys 75Glu Hbond sc-bb,Open
236Lys 238Lys Hbond bb-bb,Closed
236Lys 232Leu Hbond sc-bb,Closed
235Asp 238Lys Hbond bb-sc,Closed
235Asp 237Arg Hbond bb-bb,Closed
234Met 280Ile Hydrophobic sc-sc,Closed
234Met 277Ala Hydrophobic sc-sc,Open
234Met 273Val Hydrophobic sc-sc,Closed
234Met 239Asp Hbond bb-bb,Closed
234Met 238Lys Hbond bb-bb,Closed
234Met 237Arg Hbond bb-bb,Closed
234Met 231Leu Hbond sc-bb,Open
233Leu 248Val Hydrophobic sc-sc,Open
233Leu 243Val Hydrophobic sc-sc,Open
233Leu 237Arg Hbond bb-sc,Closed
233Leu 236Lys Hbond bb-bb,Open
233Leu 229Thr Hbond sc-bb,Open
232Leu 236Lys Hbond bb-sc,Closed
232Leu 235Asp Hbond bb-bb,Closed
232Leu 198Arg Hbond bb-sc,Open
231Leu 235Asp Hbond bb-bb,Open
231Leu 234Met Hbond bb-sc,Open
231Leu 227Ala Hbond sc-bb,Open
230Cys 234Met Hbond bb-bb,Open
230Cys 233Leu Hbond bb-bb,Closed
230Cys 232Leu Hbond bb-bb,Closed
230Cys 226Leu Hbond sc-bb,Closed
22Ile 26Ala Hbond bb-bb,Open
22Ile 266Leu Hydrophobic sc-sc,Closed
22Ile 25Glu Hbond bb-bb,Open
22Ile 253Arg Hbond sc-sc,Closed
22Ile 24Hip Hbond bb-bb,Open
22Ile 249Leu Hydrophobic sc-sc,Closed
22Ile 18Ile Hbond sc-bb,Closed
229Thr 233Leu Hbond bb-sc,Open
229Thr 232Leu Hbond bb-bb,Open
229Thr 225Cys Hbond sc-bb,Open
228Asp 232Leu Hbond bb-bb,Open
228Asp 231Leu Hbond bb-bb,Open
227Ala 231Leu Hbond bb-sc,Open
227Ala 230Cys Hbond bb-bb,Closed
226Leu 260Ile Hydrophobic sc-sc,Closed
226Leu 249Leu Hydrophobic sc-sc,Closed
226Leu 248Val Hydrophobic sc-sc,Closed
226Leu 245Ile Hydrophobic sc-sc,Open
226Leu 230Cys Hbond bb-sc,Closed
226Leu 229Thr Hbond bb-bb,Closed
225Cys 252Met Hbond bb-sc,Open
225Cys 229Thr Hbond bb-sc,Open
225Cys 228Asp Hbond bb-bb,Closed
225Cys 221Ser Hbond sc-bb,Closed
224Phe 228Asp Hbond bb-bb,Open
224Phe 227Ala Hbond bb-bb,Open
223Thr 269Ser Hbond sc-sc,Open
223Thr 265Gln Hbond sc-sc,Closed
223Thr 227Ala Hbond bb-bb,Open
223Thr 226Leu Hbond bb-bb,Open
223Thr 219Gly Hbond sc-bb,Closed
222Gly 226Leu Hbond bb-bb,Open
222Gly 225Cys Hbond bb-bb,Open
221Ser 225Cys Hbond bb-sc,Closed
221Ser 224Phe Hbond bb-bb,Closed
221Ser 218Ile Hbond sc-bb,Closed
221Ser 217Gly Hbond sc-bb,Open
220Arg 265Gln Hbond bb-sc,Closed
220Arg 224Phe Hbond bb-bb,Open
220Arg 223Thr Hbond bb-bb,Open
220Arg 180Asp Hbond sc-bb,Closed
220Arg 179Pro Hbond sc-bb,Closed
220Arg 109Leu Hbond sc-bb,Closed
21Asp 25Glu Hbond bb-bb,Closed
21Asp 24Hip Hbond bb-bb,Closed
21Asp 17Ala Hbond sc-bb,Closed
219Gly 265Gln Hbond bb-sc,Open
219Gly 261Gln Hbond bb-sc,Closed
219Gly 260Ile Hbond bb-bb,Closed
219Gly 223Thr Hbond bb-sc,Closed
219Gly 222Gly Hbond bb-bb,Open
218Ile 260Ile Hbond bb-bb,Open
218Ile 222Gly Hbond bb-bb,Closed
218Ile 221Ser Hbond bb-sc,Closed
217Gly 256Arg Hbond bb-sc,Closed
217Gly 221Ser Hbond bb-sc,Open
216Ala 256Arg Hbond bb-sc,Closed
215Ser 44Arg Hbond bb-sc,Closed
215Ser 220Arg Hbond sc-sc,Closed
215Ser 119Lys Hbond sc-bb,Open
215Ser 110Asn Hbond bb-sc,Closed
214Csp 85Gly Hbond sc-bb,Open
214Csp 83Thr Hbond sc-bb,Open
214Csp 221Ser Hbond sc-sc,Open
214Csp 220Arg Hbond sc-sc,Closed
214Csp 219Gly Hbond sc-bb,Open
214Csp 218Ile Hbond sc-bb,Closed
214Csp 217Gly Hbond sc-bb,Closed
214Csp 216Ala Hbond sc-bb,Open
214Csp 110Asn Hbond sc-sc,Open
213Hid 84Gln Hbond sc-bb,Open
212Val 224Phe Hydrophobic sc-sc,Closed
212Val 221Ser Hbond sc-sc,Closed
210Val 212Val Hbond bb-bb,Open
20Gln 24Hip Hbond bb-sc,Open
20Gln 23Arg Hbond bb-sc,Closed
209Pro 103Ser Hbond bb-sc,Open
207Hip 202Ser Hbond sc-bb,Open
207Hip 201Gly Hbond sc-bb,Open
206Glu 204Ser Hbond sc-bb,Closed
205Pro 207Hip Hbond bb-bb,Closed
204Ser 207Hip Hbond bb-bb,Open
204Ser 206Glu Hbond bb-sc,Closed
203Leu 210Val Hydrophobic sc-sc,Open
202Ser 207Hip Hbond bb-sc,Open
202Ser 204Ser Hbond bb-bb,Open
202Ser 200Ser Hbond bb-sc,Open
202Ser 197Val Hbond sc-bb,Closed
202Ser 105Gly Hbond sc-bb,Closed
201Gly 207Hip Hbond bb-sc,Open
201Gly 204Ser Hbond bb-bb,Closed
201Gly 203Leu Hbond bb-bb,Closed
200Ser 202Ser Hbond sc-bb,Open
200Ser 197Val Hbond sc-bb,Open
1Glu 5Glu Hbond bb-bb,Closed
1Glu 4Lys Hbond bb-sc,Open
1Glu 3Glu Hbond bb-sc,Closed
1Glu 243Val Hbond bb-bb,Closed
1Glu 241Ser Hbond sc-bb,Open
19Tyr 266Leu Hydrophobic sc-sc,Closed
19Tyr 261Gln Hbond sc-bb,Closed
19Tyr 260Ile Hbond sc-bb,Closed
19Tyr 253Arg Hbond sc-sc,Closed
19Tyr 23Arg Hbond sc-sc,Closed
19Tyr 22Ile Hbond bb-bb,Closed
199Glu 201Gly Hbond bb-bb,Closed
199Glu 196Lys Hbond sc-bb,Open
198Arg 232Leu Hbond sc-bb,Open
198Arg 231Leu Hbond sc-sc,Closed
198Arg 228Asp Saltbr sc-sc,Open
198Arg 201Gly Hbond bb-bb,Closed
198Arg 200Ser Hbond bb-bb,Closed
198Arg 195Phe Hbond sc-bb,Open
198Arg 194Leu Hbond sc-bb,Closed
197Val 224Phe Hydrophobic sc-sc,Open
197Val 203Leu Hbond sc-sc,Closed
197Val 202Ser Hbond bb-sc,Closed
197Val 200Ser Hbond bb-sc,Open
197Val 193Phe Hbond sc-bb,Open
196Lys 296Glu Saltbr sc-sc,Closed
196Lys 287Gln Hbond bb-sc,Open
196Lys 200Ser Hbond bb-bb,Closed
196Lys 199Glu Hbond bb-sc,Open
196Lys 192Asn Hbond sc-bb,Closed
195Phe 290Trp Hydrophobic sc-sc,Open
195Phe 287Gln Hbond sc-sc,Closed
195Phe 279Phe Hydrophobic sc-sc,Open
195Phe 199Glu Hbond bb-bb,Closed
195Phe 198Arg Hbond bb-sc,Open
195Phe 191Leu Hbond sc-bb,Open
194Leu 224Phe Hydrophobic sc-sc,Open
194Leu 198Arg Hbond bb-sc,Closed
194Leu 197Val Hbond bb-bb,Open
193Phe 224Phe Hydrophobic sc-sc,Closed
193Phe 197Val Hbond bb-sc,Open
193Phe 196Lys Hbond bb-bb,Open
193Phe 151Tyr Hbond bb-sc,Closed
192Asn 296Glu Hbond sc-sc,Closed
192Asn 294Ser Hbond sc-sc,Closed
192Asn 291Lys Hbond sc-sc,Open
192Asn 290Trp Hbond sc-sc,Closed
192Asn 287Gln Hbond sc-sc,Open
192Asn 196Lys Hbond bb-sc,Closed
192Asn 195Phe Hbond bb-bb,Closed
191Leu 290Trp Hydrophobic sc-sc,Closed
191Leu 195Phe Hbond bb-sc,Open
191Leu 194Leu Hbond bb-bb,Open
191Leu 187Pro Hbond sc-bb,Closed
190Phe 272Ala Hydrophobic sc-sc,Closed
190Phe 268Phe Hydrophobic sc-sc,Closed
190Phe 227Ala Hydrophobic sc-sc,Closed
190Phe 194Leu Hbond bb-bb,Closed
190Phe 193Phe Hbond bb-bb,Open
190Phe 175Tyr Hbond bb-sc,Open
18Ile 266Leu Hydrophobic sc-sc,Closed
18Ile 22Ile Hbond bb-sc,Closed
18Ile 21Asp Hbond bb-bb,Closed
18Ile 14Ser Hbond sc-bb,Open
189Ser 193Phe Hbond bb-bb,Open
189Ser 192Asn Hbond bb-bb,Open
189Ser 175Tyr Hbond bb-sc,Open
189Ser 151Tyr Hbond bb-sc,Closed
188Ala 293Leu Hydrophobic sc-sc,Closed
188Ala 192Asn Hbond bb-bb,Closed
188Ala 191Leu Hbond bb-bb,Open
188Ala 186Ser Hbond bb-sc,Closed
187Pro 271Leu Hydrophobic sc-sc,Open
187Pro 191Leu Hbond bb-sc,Closed
187Pro 190Phe Hbond bb-bb,Closed
186Ser 190Phe Hbond bb-bb,Closed
186Ser 189Ser Hbond bb-bb,Closed
186Ser 188Ala Hbond sc-bb,Closed
185Glu 189Ser Hbond sc-sc,Closed
184Pro 268Phe Hydrophobic sc-sc,Closed
184Pro 186Ser Hbond bb-bb,Open
183Val 268Phe Hydrophobic sc-sc,Closed
183Val 264Asp Hbond sc-bb,Open
183Val 178Trp Hbond bb-sc,Closed
182Gly 265Gln Hbond bb-sc,Closed
182Gly 178Trp Hbond bb-sc,Closed
181Phe 265Gln Hbond bb-sc,Closed
181Phe 262Thr Hbond bb-sc,Closed
181Phe 261Gln Hbond sc-sc,Closed
180Asp 220Arg Hbond bb-sc,Closed
180Asp 215Ser Hbond sc-sc,Closed
180Asp 182Gly Hbond bb-bb,Closed
17Ala 21Asp Hbond bb-sc,Closed
17Ala 20Gln Hbond bb-bb,Closed
179Pro 220Arg Hbond bb-sc,Closed
179Pro 182Gly Hbond bb-bb,Closed
179Pro 181Phe Hbond bb-bb,Open
179Pro 111Arg Hbond bb-sc,Open
178Trp 268Phe Hydrophobic sc-sc,Open
178Trp 220Arg Hbond sc-sc,Closed
178Trp 190Phe Hydrophobic sc-sc,Closed
178Trp 184Pro Hydrophobic sc-sc,Closed
178Trp 183Val Hbond sc-bb,Closed
178Trp 182Gly Hbond sc-bb,Closed
178Trp 111Arg Hbond bb-sc,Open
177Thr 175Tyr Hbond bb-sc,Open
177Thr 151Tyr Hbond sc-bb,Closed
177Thr 111Arg Hbond bb-sc,Closed
176Thr 178Trp Hbond bb-bb,Open
176Thr 152Tyr Hbond sc-bb,Closed
176Thr 151Tyr Hbond sc-bb,Closed
176Thr 111Arg Hbond bb-sc,Closed
175Tyr 193Phe Hydrophobic sc-sc,Closed
175Tyr 190Phe Hbond sc-bb,Open
175Tyr 189Ser Hbond sc-bb,Open
175Tyr 184Pro Hydrophobic sc-sc,Closed
175Tyr 178Trp Hbond sc-sc,Closed
175Tyr 177Thr Hbond sc-bb,Open
174Hie 176Thr Hbond sc-sc,Open
174Hie 110Asn Hbond sc-bb,Open
173Phe 197Val Hydrophobic sc-sc,Closed
173Phe 171Leu Hbond sc-bb,Open
171Leu 173Phe Hbond bb-sc,Open
171Leu 104Arg Hbond sc-bb,Open
16Ala 20Gln Hbond bb-bb,Open
16Ala 19Tyr Hbond bb-bb,Closed
168Arg 170Ile Hbond bb-bb,Closed
166Glu 168Arg Saltbr sc-sc,Closed
166Glu 164Thr Hbond bb-sc,Closed
165Gln 167Thr Hbond bb-bb,Closed
165Gln 162Leu Hbond sc-bb,Open
165Gln 160Glu Hbond bb-sc,Open
164Thr 166Glu Hbond sc-bb,Closed
163Thr 165Gln Hbond bb-bb,Closed
163Thr 161Asn Hbond bb-sc,Closed
162Leu 165Gln Hbond bb-sc,Open
162Leu 164Thr Hbond bb-bb,Open
162Leu 138Asn Hbond sc-bb,Closed
161Asn 166Glu Hbond bb-bb,Open
161Asn 165Gln Hbond bb-bb,Closed
161Asn 164Thr Hbond sc-sc,Open
161Asn 163Thr Hbond sc-bb,Closed
161Asn 138Asn Hbond sc-bb,Closed
160Glu 167Thr Hbond sc-sc,Open
160Glu 165Gln Hbond sc-bb,Open
160Glu 162Leu Hbond bb-bb,Open
15Trp 270Tyr Hydrophobic sc-sc,Closed
15Trp 267Arg Hbond sc-sc,Closed
15Trp 266Leu Hydrophobic sc-sc,Closed
15Trp 19Tyr Hbond bb-bb,Open
15Trp 18Ile Hbond bb-bb,Closed
159Leu 170Ile Hydrophobic sc-sc,Closed
159Leu 168Arg Hbond bb-bb,Closed
159Leu 167Thr Hbond bb-bb,Open
158Glu 167Thr Hbond sc-sc,Open
157Leu 170Ile Hbond bb-bb,Open
157Leu 159Leu Hbond bb-bb,Open
157Leu 155Arg Hbond sc-bb,Open
156Gln 170Ile Hbond bb-bb,Open
156Gln 169Glu Hbond sc-sc,Closed
156Gln 144Ile Hbond bb-sc,Open
155Arg 174Hie Hbond sc-sc,Closed
155Arg 172Hie Hbond bb-bb,Closed
155Arg 157Leu Hbond bb-sc,Open
154Val 173Phe Hydrophobic sc-sc,Open
153Thr 176Thr Hbond sc-sc,Open
153Thr 174Hie Hbond bb-bb,Closed
153Thr 155Arg Hbond sc-sc,Closed
152Tyr 296Glu Hbond sc-sc,Closed
152Tyr 196Lys Hbond sc-sc,Open
152Tyr 193Phe Hydrophobic sc-sc,Closed
152Tyr 192Asn Hbond sc-sc,Closed
152Tyr 176Thr Hbond bb-sc,Closed
152Tyr 149Lys Hbond bb-sc,Closed
151Tyr 296Glu Hbond sc-sc,Open
151Tyr 294Ser Hbond sc-sc,Open
151Tyr 193Phe Hbond sc-bb,Closed
151Tyr 192Asn Hbond sc-sc,Open
151Tyr 189Ser Hbond sc-bb,Closed
151Tyr 177Thr Hbond bb-sc,Closed
151Tyr 176Thr Hbond bb-sc,Closed
151Tyr 175Tyr Hydrophobic sc-sc,Closed
150Ser 298Leu Hbond bb-sc,Closed
150Ser 297Asp Hbond sc-bb,Open
150Ser 296Glu Hbond sc-bb,Closed
150Ser 295Hip Hbond sc-bb,Closed
150Ser 152Tyr Hbond bb-bb,Open
14Ser 18Ile Hbond bb-sc,Open
14Ser 17Ala Hbond bb-bb,Closed
14Ser 12Ser Hbond sc-bb,Closed
149Lys 298Leu Hbond bb-sc,Closed
149Lys 297Asp Saltbr sc-sc,Open
149Lys 296Glu Hbond sc-bb,Closed
149Lys 152Tyr Hbond sc-bb,Closed
149Lys 151Tyr Hbond bb-bb,Open
148Ile 153Thr Hbond sc-sc,Closed
147Asp 154Val Hbond bb-bb,Closed
147Asp 153Thr Hbond bb-bb,Open
147Asp 149Lys Saltbr sc-sc,Closed
146Glu 155Arg Saltbr sc-sc,Closed
146Glu 153Thr Hbond sc-sc,Closed
146Glu 148Ile Hbond sc-sc,Closed
145Ser 156Gln Hbond bb-bb,Closed
144Ile 156Gln Hbond sc-bb,Open
143Leu 157Leu Hydrophobic sc-sc,Closed
142Thr 158Glu Hbond bb-bb,Closed
141Leu 159Leu Hydrophobic sc-sc,Closed
141Leu 157Leu Hydrophobic sc-sc,Open
140Lys 160Glu Hbond bb-bb,Open
140Lys 158Glu Hbond bb-bb,Open
140Lys 142Thr Hbond sc-sc,Open
13Gly 15Trp Hbond bb-bb,Open
139Leu 159Leu Hydrophobic sc-sc,Closed
139Leu 137Thr Hbond sc-bb,Open
138Asn 163Thr Hbond sc-sc,Closed
138Asn 162Leu Hbond bb-sc,Closed
138Asn 161Asn Hbond bb-sc,Closed
137Thr 92Gly Hbond sc-bb,Open
137Thr 139Leu Hbond bb-sc,Open
136Asp 89Asn Hbond sc-bb,Open
136Asp 60Gln Hbond bb-sc,Open
136Asp 138Asn Hbond bb-bb,Closed
135Glu 138Asn Hbond bb-bb,Closed
135Glu 137Thr Hbond bb-bb,Closed
134Phe 141Leu Hydrophobic sc-sc,Open
134Phe 139Leu Hbond bb-bb,Closed
134Phe 138Asn Hbond bb-bb,Open
134Phe 137Thr Hbond bb-bb,Closed
134Phe 136Asp Hbond bb-bb,Closed
133Ile 162Leu Hydrophobic sc-sc,Open
133Ile 135Glu Hbond bb-bb,Closed
132Met 141Leu Hbond bb-bb,Open
131Glu 142Thr Hbond sc-sc,Open
131Glu 140Lys Saltbr sc-sc,Open
12Ser 8Gln Hbond sc-bb,Closed
12Ser 14Ser Hbond bb-sc,Closed
128Glu 130Lys Hbond bb-bb,Closed
127Lys 130Lys Hbond bb-bb,Closed
127Lys 129Glu Saltbr sc-sc,Closed
125Pro 143Leu Hydrophobic sc-sc,Closed
125Pro 141Leu Hydrophobic sc-sc,Open
125Pro 132Met Hydrophobic sc-sc,Closed
125Pro 127Lys Hbond bb-bb,Closed
124Trp 155Arg Hbond sc-sc,Closed
124Trp 126Gln Hbond bb-bb,Closed
123Tyr 95Trp Hbond bb-sc,Closed
123Tyr 213Hid Hbond sc-sc,Open
123Tyr 172Hie Hbond sc-sc,Open
122Gln 126Gln Hbond sc-sc,Closed
122Gln 124Trp Hbond sc-sc,Closed
121Ala 44Arg Hbond bb-sc,Open
121Ala 123Tyr Hbond bb-bb,Closed
120Cys 86Pro Hbond sc-bb,Closed
120Cys 44Arg Hbond bb-sc,Open
120Cys 122Gln Hbond bb-bb,Closed
120Cys 111Arg Hbond sc-bb,Closed
11Lys 7Glu Hbond sc-bb,Open
11Lys 13Gly Hbond bb-bb,Closed
119Lys 44Arg Hbond bb-sc,Open
119Lys 215Ser Hbond bb-sc,Open
119Lys 180Asp Saltbr sc-sc,Closed
119Lys 117Ser Hbond sc-bb,Open
119Lys 114Glu Hbond sc-bb,Open
119Lys 110Asn Hbond bb-sc,Closed
118Leu 44Arg Hbond bb-sc,Closed
118Leu 120Cys Hbond bb-bb,Closed
117Ser 119Lys Hbond bb-sc,Open
117Ser 113Met Hbond bb-sc,Open
116Gly 113Met Hbond bb-sc,Closed
115Lys 180Asp Saltbr sc-sc,Open
115Lys 117Ser Hbond bb-bb,Open
114Glu 220Arg Saltbr sc-sc,Open
114Glu 215Ser Hbond sc-sc,Open
114Glu 180Asp Hbond sc-sc,Open
114Glu 119Lys Hbond bb-sc,Open
114Glu 117Ser Hbond bb-bb,Closed
114Glu 116Gly Hbond bb-bb,Closed
113Met 118Leu Hydrophobic sc-sc,Open
113Met 117Ser Hbond sc-bb,Open
113Met 116Gly Hbond sc-bb,Closed
113Met 111Arg Hbond bb-sc,Open
112Val 120Cys Hbond bb-bb,Closed
112Val 119Lys Hbond bb-bb,Closed
111Arg 180Asp Saltbr sc-sc,Open
111Arg 179Pro Hbond sc-bb,Open
111Arg 178Trp Hbond sc-bb,Open
111Arg 177Thr Hbond sc-bb,Closed
111Arg 176Thr Hbond sc-bb,Closed
111Arg 120Cys Hbond bb-sc,Closed
111Arg 114Glu Saltbr sc-sc,Closed
111Arg 113Met Hbond sc-bb,Open
110Asn 220Arg Hbond sc-sc,Closed
110Asn 215Ser Hbond sc-bb,Closed
110Asn 213Hid Hbond sc-sc,Open
110Asn 175Tyr Hbond bb-bb,Closed
110Asn 174Hie Hbond bb-sc,Open
110Asn 120Cys Hbond sc-sc,Closed
110Asn 119Lys Hbond sc-bb,Closed
110Asn 114Glu Hbond sc-sc,Open
110Asn 108Met Hbond bb-sc,Open
10Asp 6Phe Hbond sc-bb,Open
10Asp 267Arg Saltbr sc-sc,Closed
10Asp 15Trp Hbond sc-sc,Closed
10Asp 13Gly Hbond bb-bb,Closed
10Asp 12Ser Hbond bb-bb,Open
109Leu 224Phe Hydrophobic sc-sc,Open
109Leu 220Arg Hbond bb-sc,Closed
109Leu 213Hid Hbond bb-bb,Closed
109Leu 212Val Hydrophobic sc-sc,Open
109Leu 193Phe Hydrophobic sc-sc,Open
108Met 175Tyr Hbond bb-bb,Closed
108Met 173Phe Hbond bb-bb,Closed
108Met 172Hie Hbond sc-sc,Closed
108Met 124Trp Hydrophobic sc-sc,Closed
108Met 123Tyr Hbond sc-sc,Closed
108Met 110Asn Hbond sc-bb,Open
107Val 224Phe Hydrophobic sc-sc,Open
107Val 213Hid Hbond bb-bb,Closed
107Val 211Val Hbond bb-bb,Open
107Val 210Val Hydrophobic sc-sc,Open
107Val 197Val Hydrophobic sc-sc,Open
107Val 193Phe Hydrophobic sc-sc,Open
106Val 173Phe Hbond bb-bb,Open
106Val 171Leu Hbond bb-bb,Closed
106Val 123Tyr Hydrophobic sc-sc,Closed
105Gly 211Val Hbond bb-bb,Closed
105Gly 202Ser Hbond bb-sc,Closed
104Arg 207Hip Hbond sc-sc,Closed
104Arg 202Ser Hbond sc-sc,Closed
104Arg 171Leu Hbond bb-sc,Open
104Arg 170Ile Hbond bb-bb,Closed
104Arg 169Glu Saltbr sc-sc,Open
103Ser 209Pro Hbond sc-bb,Open
103Ser 208Gly Hbond bb-bb,Closed
103Ser 105Gly Hbond bb-bb,Open
102Lys 208Gly Hbond bb-bb,Closed
102Lys 207Hip Hbond bb-bb,Closed
102Lys 168Arg Hbond sc-sc,Open
102Lys 104Arg Hbond bb-bb,Open
101Gln 97Met Hbond sc-bb,Closed
101Gln 103Ser Hbond bb-bb,Closed
100Glh 96Glu Hbond sc-bb,Open
100Glh 58Leu Hbond sc-bb,Open
100Glh 57Lys Hbond sc-bb,Closed
100Glh 102Lys Hbond bb-bb,Open
