Feature,Score
220Arg 179Pro Hbond sc-bb,0.69359
179Pro 220Arg Hbond bb-sc,0.69352
220Arg 180Asp Hbond sc-bb,0.6886
180Asp 220Arg Hbond bb-sc,0.68841
265Gln 182Gly Hbond sc-bb,0.68537
182Gly 265Gln Hbond bb-sc,0.68454
265Gln 181Phe Hbond sc-bb,0.6811
181Phe 265Gln Hbond bb-sc,0.68059
181Phe 261Gln Hbond sc-sc,0.67369
180Asp 182Gly Hbond bb-bb,0.66999
181Phe 262Thr Hbond bb-sc,0.66032
262Thr 181Phe Hbond sc-bb,0.65806
186Ser 190Phe Hbond bb-bb,0.56801
111Arg 180Asp Saltbr sc-sc,0.51863
186Ser 189Ser Hbond bb-bb,0.51683
178Trp 182Gly Hbond sc-bb,0.49795
182Gly 178Trp Hbond bb-sc,0.49745
179Pro 181Phe Hbond bb-bb,0.48613
178Trp 268Phe Hydrophobic sc-sc,0.48427
178Trp 220Arg Hbond sc-sc,0.45279
178Trp 183Val Hbond sc-bb,0.43203
183Val 178Trp Hbond bb-sc,0.43196
119Lys 180Asp Saltbr sc-sc,0.37532
178Trp 111Arg Hbond bb-sc,0.35937
111Arg 178Trp Hbond sc-bb,0.35897
190Phe 227Ala Hydrophobic sc-sc,0.35217
114Glu 220Arg Saltbr sc-sc,0.29643
180Asp 215Ser Hbond sc-sc,0.28833
115Lys 180Asp Saltbr sc-sc,0.28441
175Tyr 184Pro Hydrophobic sc-sc,0.27014
114Glu 215Ser Hbond sc-sc,0.26299
190Phe 272Ala Hydrophobic sc-sc,0.25638
185Glu 189Ser Hbond sc-sc,0.23917
179Pro 182Gly Hbond bb-bb,0.22052
110Asn 114Glu Hbond sc-sc,0.21743
192Asn 287Gln Hbond sc-sc,0.14075
186Ser 188Ala Hbond sc-bb,0.13944
188Ala 186Ser Hbond bb-sc,0.13903
192Asn 294Ser Hbond sc-sc,0.13821
175Tyr 190Phe Hbond sc-bb,0.13226
190Phe 175Tyr Hbond bb-sc,0.13221
151Tyr 175Tyr Hydrophobic sc-sc,0.12949
114Glu 180Asp Hbond sc-sc,0.12767
291Lys 295Hip Hbond bb-bb,0.12543
178Trp 190Phe Hydrophobic sc-sc,0.10255
268Phe 272Ala Hbond bb-bb,0.10207
179Pro 111Arg Hbond bb-sc,0.10138
287Gln 291Lys Hbond bb-sc,0.09992
291Lys 287Gln Hbond sc-bb,0.09981
111Arg 179Pro Hbond sc-bb,0.09649
178Trp 184Pro Hydrophobic sc-sc,0.09625
183Val 264Asp Hbond sc-bb,0.09386
264Asp 183Val Hbond bb-sc,0.09379
45Tyr 119Lys Hbond sc-sc,0.09263
223Thr 265Gln Hbond sc-sc,0.08622
111Arg 113Met Hbond sc-bb,0.08201
113Met 111Arg Hbond bb-sc,0.08191
287Gln 196Lys Hbond sc-bb,0.08009
111Arg 176Thr Hbond sc-bb,0.0796
176Thr 111Arg Hbond bb-sc,0.07898
269Ser 272Ala Hbond bb-bb,0.07851
184Pro 268Phe Hydrophobic sc-sc,0.07828
196Lys 287Gln Hbond bb-sc,0.07812
261Gln 219Gly Hbond sc-bb,0.0764
219Gly 261Gln Hbond bb-sc,0.07625
275Glu 290Trp Hbond sc-sc,0.0747
175Tyr 178Trp Hbond sc-sc,0.07277
193Phe 151Tyr Hbond bb-sc,0.06865
195Phe 279Phe Hydrophobic sc-sc,0.0678
195Phe 199Glu Hbond bb-bb,0.06735
120Cys 111Arg Hbond sc-bb,0.06702
111Arg 120Cys Hbond bb-sc,0.06655
151Tyr 193Phe Hbond sc-bb,0.06582
189Ser 193Phe Hbond bb-bb,0.06484
176Thr 178Trp Hbond bb-bb,0.06436
151Tyr 296Glu Hbond sc-sc,0.06272
117Ser 119Lys Hbond bb-sc,0.06224
119Lys 117Ser Hbond sc-bb,0.06197
187Pro 271Leu Hydrophobic sc-sc,0.06093
119Lys 215Ser Hbond bb-sc,0.0602
215Ser 119Lys Hbond sc-bb,0.06019
195Phe 287Gln Hbond sc-sc,0.05983
152Tyr 296Glu Hbond sc-sc,0.05948
190Phe 194Leu Hbond bb-bb,0.05945
109Leu 224Phe Hydrophobic sc-sc,0.05663
189Ser 192Asn Hbond bb-bb,0.05644
119Lys 44Arg Hbond bb-sc,0.05634
195Phe 191Leu Hbond sc-bb,0.05631
191Leu 195Phe Hbond bb-sc,0.05629
44Arg 119Lys Hbond sc-bb,0.05601
194Leu 224Phe Hydrophobic sc-sc,0.0554
223Thr 227Ala Hbond bb-bb,0.05534
296Glu 150Ser Hbond bb-sc,0.05336
294Ser 296Glu Hbond bb-bb,0.05294
291Lys 296Glu Saltbr sc-sc,0.05261
150Ser 296Glu Hbond sc-bb,0.0525
44Arg 118Leu Hbond sc-bb,0.05122
118Leu 44Arg Hbond bb-sc,0.04907
192Asn 296Glu Hbond sc-sc,0.04774
190Phe 268Phe Hydrophobic sc-sc,0.04637
175Tyr 189Ser Hbond sc-bb,0.04606
189Ser 175Tyr Hbond bb-sc,0.04566
152Tyr 192Asn Hbond sc-sc,0.0452
220Arg 265Gln Hbond bb-sc,0.04503
265Gln 220Arg Hbond sc-bb,0.04497
183Val 268Phe Hydrophobic sc-sc,0.04477
188Ala 293Leu Hydrophobic sc-sc,0.04475
223Thr 269Ser Hbond sc-sc,0.04287
267Arg 271Leu Hbond bb-sc,0.04206
119Lys 110Asn Hbond bb-sc,0.04186
271Leu 267Arg Hbond sc-bb,0.04174
112Val 120Cys Hbond bb-bb,0.04156
284Ser 287Gln Hbond bb-bb,0.04079
112Val 119Lys Hbond bb-bb,0.03979
151Tyr 294Ser Hbond sc-sc,0.03851
285Ser 287Gln Hbond bb-bb,0.03745
110Asn 119Lys Hbond sc-bb,0.03744
149Lys 296Glu Hbond sc-bb,0.0369
296Glu 149Lys Hbond bb-sc,0.03658
196Lys 199Glu Hbond bb-sc,0.03654
199Glu 196Lys Hbond sc-bb,0.03641
270Tyr 266Leu Hbond sc-bb,0.03538
187Pro 191Leu Hbond bb-sc,0.0352
266Leu 270Tyr Hbond bb-sc,0.03502
191Leu 187Pro Hbond sc-bb,0.03501
261Gln 265Gln Hbond bb-sc,0.03378
265Gln 261Gln Hbond sc-bb,0.03369
39Asn 63Asn Hbond sc-sc,0.03312
264Asp 267Arg Hbond bb-bb,0.03309
196Lys 296Glu Saltbr sc-sc,0.03301
195Phe 290Trp Hydrophobic sc-sc,0.03224
153Thr 176Thr Hbond sc-sc,0.03152
295Hip 297Asp Hbond bb-bb,0.03146
150Ser 298Leu Hbond bb-sc,0.03146
217Gly 256Arg Hbond bb-sc,0.03118
259Leu 253Arg Hbond bb-sc,0.03084
253Arg 259Leu Hbond sc-bb,0.03079
298Leu 150Ser Hbond sc-bb,0.03058
256Arg 217Gly Hbond sc-bb,0.03047
151Tyr 192Asn Hbond sc-sc,0.02945
114Glu 119Lys Hbond bb-sc,0.02938
119Lys 114Glu Hbond sc-bb,0.02924
291Lys 297Asp Saltbr sc-sc,0.02923
192Asn 290Trp Hbond sc-sc,0.02915
253Arg 260Ile Hbond sc-bb,0.02866
297Asp 150Ser Hbond bb-sc,0.02826
260Ile 253Arg Hbond bb-sc,0.02814
188Ala 192Asn Hbond bb-bb,0.02803
111Arg 177Thr Hbond sc-bb,0.02754
150Ser 297Asp Hbond sc-bb,0.02731
38Lys 42Arg Hbond bb-sc,0.02674
290Trp 287Gln Hbond sc-bb,0.02636
287Gln 290Trp Hbond bb-sc,0.02623
226Leu 249Leu Hydrophobic sc-sc,0.02606
279Phe 290Trp Hydrophobic sc-sc,0.02604
149Lys 151Tyr Hbond bb-bb,0.02565
176Thr 152Tyr Hbond sc-bb,0.02562
152Tyr 176Thr Hbond bb-sc,0.02524
298Leu 149Lys Hbond sc-bb,0.02504
219Gly 260Ile Hbond bb-bb,0.02488
59Hip 96Glu Hbond sc-sc,0.02487
215Ser 220Arg Hbond sc-sc,0.02478
262Thr 266Leu Hbond bb-bb,0.02471
42Arg 38Lys Hbond sc-bb,0.02451
214Csp 219Gly Hbond sc-bb,0.02432
256Arg 216Ala Hbond sc-bb,0.02411
216Ala 256Arg Hbond bb-sc,0.02399
282Gly 284Ser Hbond bb-bb,0.02383
177Thr 111Arg Hbond bb-sc,0.02361
149Lys 298Leu Hbond bb-sc,0.02339
65Tyr 63Asn Hbond bb-sc,0.02213
191Leu 290Trp Hydrophobic sc-sc,0.02192
63Asn 65Tyr Hbond sc-bb,0.02179
10Asp 267Arg Saltbr sc-sc,0.02177
195Phe 198Arg Hbond bb-sc,0.0216
296Glu 298Leu Hbond bb-bb,0.02144
155Arg 174Hie Hbond sc-sc,0.02144
198Arg 195Phe Hbond sc-bb,0.02138
150Ser 152Tyr Hbond bb-bb,0.0209
261Gln 258Gly Hbond sc-bb,0.02051
22Ile 253Arg Hbond sc-sc,0.02044
191Leu 194Leu Hbond bb-bb,0.02027
258Gly 261Gln Hbond bb-sc,0.02013
42Arg 65Tyr Hbond sc-bb,0.02012
192Asn 195Phe Hbond bb-bb,0.01987
65Tyr 42Arg Hbond bb-sc,0.01977
67Asn 256Arg Hbond sc-sc,0.01922
19Tyr 253Arg Hbond sc-sc,0.01912
175Tyr 193Phe Hydrophobic sc-sc,0.01896
196Lys 192Asn Hbond sc-bb,0.01893
166Glu 168Arg Saltbr sc-sc,0.01879
192Asn 196Lys Hbond bb-sc,0.01859
293Leu 295Hip Hbond bb-sc,0.01838
295Hip 293Leu Hbond sc-bb,0.01829
120Cys 122Gln Hbond bb-bb,0.01811
288Asp 285Ser Hbond sc-bb,0.01788
285Ser 288Asp Hbond bb-sc,0.01778
244Asp 246Lys Saltbr sc-sc,0.01749
256Arg 50Pro Hbond sc-bb,0.01745
264Asp 268Phe Hbond bb-bb,0.01744
56Ile 68Ala Hbond sc-bb,0.01742
50Pro 256Arg Hbond bb-sc,0.01738
68Ala 56Ile Hbond bb-sc,0.01736
263Ala 267Arg Hbond bb-bb,0.01729
207Hip 202Ser Hbond sc-bb,0.01729
107Val 210Val Hydrophobic sc-sc,0.01721
44Arg 87Leu Hbond sc-sc,0.01677
256Arg 82Leu Hbond sc-bb,0.0167
45Tyr 215Ser Hbond sc-sc,0.01661
109Leu 212Val Hydrophobic sc-sc,0.01657
279Phe 283Asp Hbond bb-bb,0.01621
189Ser 151Tyr Hbond bb-sc,0.01612
151Tyr 189Ser Hbond sc-bb,0.01611
82Leu 256Arg Hbond bb-sc,0.01608
193Phe 196Lys Hbond bb-bb,0.01602
196Lys 200Ser Hbond bb-bb,0.01565
42Arg 63Asn Hbond sc-sc,0.01557
291Lys 294Ser Hbond bb-sc,0.01548
294Ser 291Lys Hbond sc-bb,0.01536
278Lys 282Gly Hbond bb-bb,0.01535
106Val 123Tyr Hydrophobic sc-sc,0.01534
269Ser 265Gln Hbond sc-bb,0.01526
202Ser 207Hip Hbond bb-sc,0.01514
265Gln 269Ser Hbond bb-sc,0.01508
118Leu 120Cys Hbond bb-bb,0.01473
227Ala 230Cys Hbond bb-bb,0.01468
67Asn 48Val Hbond sc-bb,0.01457
48Val 67Asn Hbond bb-sc,0.01445
224Phe 228Asp Hbond bb-bb,0.0144
298Leu 295Hip Hbond sc-bb,0.01424
104Arg 171Leu Hbond bb-sc,0.01422
48Val 43Asn Hbond bb-sc,0.01404
152Tyr 149Lys Hbond bb-sc,0.01403
212Val 224Phe Hydrophobic sc-sc,0.01402
171Leu 104Arg Hbond sc-bb,0.01402
149Lys 152Tyr Hbond sc-bb,0.01389
177Thr 175Tyr Hbond bb-sc,0.01383
6Phe 9Ile Hbond bb-bb,0.01379
175Tyr 177Thr Hbond sc-bb,0.01372
275Glu 278Lys Saltbr sc-sc,0.01363
147Asp 149Lys Saltbr sc-sc,0.01362
88Pro 90Thr Hbond bb-bb,0.01359
114Glu 117Ser Hbond bb-bb,0.01338
42Arg 93Hie Hbond sc-sc,0.01332
46Arg 48Val Hbond bb-bb,0.01318
48Val 256Arg Hbond bb-sc,0.01305
215Ser 44Arg Hbond bb-sc,0.01305
174Hie 176Thr Hbond sc-sc,0.01297
277Ala 280Ile Hbond bb-bb,0.01279
44Arg 215Ser Hbond sc-bb,0.01278
111Arg 114Glu Saltbr sc-sc,0.01273
184Pro 186Ser Hbond bb-bb,0.0127
49Ser 256Arg Hbond bb-sc,0.01257
265Gln 219Gly Hbond sc-bb,0.01257
73Met 75Glu Hbond bb-bb,0.01256
49Ser 257Met Hbond bb-sc,0.01256
219Gly 265Gln Hbond bb-sc,0.01255
54Ser 69Ser Hbond bb-bb,0.0125
91Cys 121Ala Hbond sc-sc,0.01245
4Lys 1Glu Hbond sc-bb,0.01245
10Asp 15Trp Hbond sc-sc,0.01244
78Arg 198Arg Hbond sc-sc,0.01233
23Arg 253Arg Hbond sc-sc,0.01225
1Glu 4Lys Hbond bb-sc,0.01213
256Arg 49Ser Hbond sc-bb,0.01207
80Tyr 229Thr Hbond sc-sc,0.01201
2Met 240Pro Hbond sc-bb,0.01201
51Phe 53Hip Hbond bb-bb,0.012
194Leu 198Arg Hbond bb-sc,0.012
295Hip 150Ser Hbond bb-sc,0.01198
241Ser 1Glu Hbond bb-sc,0.01192
198Arg 194Leu Hbond sc-bb,0.01186
106Val 173Phe Hbond bb-bb,0.01179
73Met 78Arg Hbond bb-bb,0.01176
1Glu 241Ser Hbond sc-bb,0.01171
95Trp 134Phe Hydrophobic sc-sc,0.01166
153Thr 155Arg Hbond sc-sc,0.01166
47Asp 49Ser Hbond bb-bb,0.01165
219Gly 222Gly Hbond bb-bb,0.0116
19Tyr 266Leu Hydrophobic sc-sc,0.01158
108Met 172Hie Hbond sc-sc,0.01143
190Phe 193Phe Hbond bb-bb,0.01133
83Thr 67Asn Hbond sc-bb,0.0113
265Gln 262Thr Hbond sc-bb,0.01129
262Thr 265Gln Hbond bb-sc,0.0111
256Arg 48Val Hbond sc-bb,0.01108
288Asp 292Glu Hbond bb-bb,0.01091
71Ile 255Phe Hydrophobic sc-sc,0.01082
257Met 49Ser Hbond sc-bb,0.01082
67Asn 83Thr Hbond bb-sc,0.01062
240Pro 2Met Hbond bb-sc,0.01061
90Thr 94Phe Hbond bb-bb,0.01056
27Ser 253Arg Hbond bb-bb,0.01053
107Val 193Phe Hydrophobic sc-sc,0.01051
98Val 103Ser Hbond bb-bb,0.0105
32Arg 35Lys Hbond bb-bb,0.01043
95Trp 99Trp Hbond bb-bb,0.01032
50Pro 31Cys Hbond bb-sc,0.0103
235Asp 238Lys Hbond bb-sc,0.01029
110Asn 175Tyr Hbond bb-bb,0.01029
3Glu 1Glu Hbond sc-bb,0.01028
42Arg 60Gln Hbond sc-sc,0.01025
243Val 245Ile Hbond bb-bb,0.01023
254Lys 53Hip Hbond bb-sc,0.01018
222Gly 226Leu Hbond bb-bb,0.01016
100Glh 96Glu Hbond sc-bb,0.01014
238Lys 235Asp Hbond sc-bb,0.01011
96Glu 100Glh Hbond bb-sc,0.01008
152Tyr 196Lys Hbond sc-sc,0.01003
31Cys 50Pro Hbond sc-bb,0.01002
197Val 202Ser Hbond bb-sc,0.01002
188Ala 191Leu Hbond bb-bb,0.01001
60Gln 96Glu Hbond sc-sc,0.00999
242Ser 244Asp Hbond bb-bb,0.00996
1Glu 3Glu Hbond bb-sc,0.00992
96Glu 99Trp Hbond bb-bb,0.00987
139Leu 159Leu Hydrophobic sc-sc,0.00983
107Val 197Val Hydrophobic sc-sc,0.00981
245Ile 273Val Hydrophobic sc-sc,0.00978
284Ser 279Phe Hbond bb-sc,0.00964
19Tyr 23Arg Hbond sc-sc,0.00964
11Lys 13Gly Hbond bb-bb,0.00964
96Glu 137Thr Hbond sc-sc,0.0096
239Asp 242Ser Hbond sc-sc,0.0096
110Asn 213Hid Hbond sc-sc,0.00955
102Lys 207Hip Hbond bb-bb,0.00948
67Asn 49Ser Hbond sc-bb,0.00944
234Met 280Ile Hydrophobic sc-sc,0.00943
248Val 244Asp Hbond sc-bb,0.00937
134Phe 137Thr Hbond bb-bb,0.00936
78Arg 228Asp Saltbr sc-sc,0.00934
285Ser 289Gln Hbond bb-bb,0.00928
246Lys 270Tyr Hbond sc-sc,0.00927
150Ser 295Hip Hbond sc-bb,0.00927
53Hip 55Arg Hbond bb-bb,0.00921
41Asn 89Asn Hbond bb-sc,0.0092
71Ile 73Met Hbond sc-sc,0.00914
6Phe 8Gln Hbond bb-bb,0.00914
248Val 252Met Hbond bb-bb,0.00914
244Asp 248Val Hbond bb-sc,0.00912
57Lys 59Hip Hbond bb-bb,0.00908
34Ala 40Lys Hbond bb-bb,0.00899
224Phe 227Ala Hbond bb-bb,0.00897
43Asn 34Ala Hbond sc-bb,0.00892
279Phe 284Ser Hbond sc-bb,0.00891
225Cys 229Thr Hbond bb-sc,0.00891
292Glu 295Hip Hbond bb-sc,0.00888
160Glu 162Leu Hbond bb-bb,0.00883
265Gln 268Phe Hbond bb-bb,0.00882
295Hip 292Glu Hbond sc-bb,0.00881
117Ser 113Met Hbond bb-sc,0.00881
273Val 276Gly Hbond bb-bb,0.00878
229Thr 225Cys Hbond sc-bb,0.00873
193Phe 224Phe Hydrophobic sc-sc,0.00871
37Pro 39Asn Hbond bb-bb,0.00864
113Met 117Ser Hbond sc-bb,0.00863
202Ser 197Val Hbond sc-bb,0.00857
10Asp 13Gly Hbond bb-bb,0.00856
49Ser 67Asn Hbond bb-sc,0.00848
17Ala 20Gln Hbond bb-bb,0.0084
99Trp 168Arg Hbond sc-sc,0.00839
240Pro 242Ser Hbond bb-bb,0.00835
60Gln 93Hie Hbond sc-sc,0.00829
141Leu 157Leu Hydrophobic sc-sc,0.00829
34Ala 43Asn Hbond bb-sc,0.00819
273Val 269Ser Hbond sc-bb,0.0081
83Thr 212Val Hbond bb-bb,0.00805
269Ser 273Val Hbond bb-sc,0.00805
123Tyr 95Trp Hbond bb-sc,0.00795
87Leu 89Asn Hbond bb-bb,0.00789
108Met 175Tyr Hbond bb-bb,0.00789
95Trp 123Tyr Hbond sc-bb,0.00787
237Arg 239Asp Hbond bb-bb,0.00786
85Gly 215Ser Hbond bb-bb,0.00779
156Gln 169Glu Hbond sc-sc,0.00772
240Pro 281Met Hydrophobic sc-sc,0.0077
110Asn 215Ser Hbond sc-bb,0.0077
234Met 273Val Hydrophobic sc-sc,0.00766
60Gln 64Asp Hbond bb-bb,0.00758
73Met 252Met Hydrophobic sc-sc,0.00751
215Ser 110Asn Hbond bb-sc,0.00749
71Ile 252Met Hydrophobic sc-sc,0.00748
59Hip 100Glh Hbond sc-sc,0.00747
276Gly 280Ile Hbond bb-sc,0.00744
280Ile 276Gly Hbond sc-bb,0.00735
103Ser 105Gly Hbond bb-bb,0.00732
214Csp 217Gly Hbond sc-bb,0.00731
109Leu 193Phe Hydrophobic sc-sc,0.00724
245Ile 249Leu Hbond bb-bb,0.00722
227Ala 231Leu Hbond bb-sc,0.00722
136Asp 60Gln Hbond bb-sc,0.00722
147Asp 154Val Hbond bb-bb,0.0072
10Asp 6Phe Hbond sc-bb,0.00717
231Leu 227Ala Hbond sc-bb,0.00716
147Asp 153Thr Hbond bb-bb,0.00713
39Asn 65Tyr Hbond sc-sc,0.00711
98Val 101Gln Hbond bb-bb,0.0071
123Tyr 213Hid Hbond sc-sc,0.00708
82Leu 259Leu Hydrophobic sc-sc,0.00704
6Phe 10Asp Hbond bb-sc,0.00704
236Lys 75Glu Hbond sc-bb,0.00703
152Tyr 193Phe Hydrophobic sc-sc,0.00701
21Asp 24Hip Hbond bb-bb,0.00698
155Arg 157Leu Hbond bb-sc,0.00686
278Lys 281Met Hbond bb-bb,0.00679
173Phe 197Val Hydrophobic sc-sc,0.00679
226Leu 260Ile Hydrophobic sc-sc,0.00678
18Ile 21Asp Hbond bb-bb,0.00678
40Lys 42Arg Hbond bb-bb,0.00672
76Ala 78Arg Hbond bb-bb,0.00663
253Arg 256Arg Hbond bb-bb,0.00662
155Arg 172Hie Hbond bb-bb,0.00661
123Tyr 172Hie Hbond sc-sc,0.00661
72Lys 74Glu Saltbr sc-sc,0.00651
295Hip 298Leu Hbond bb-sc,0.0065
157Leu 155Arg Hbond sc-bb,0.00648
81Ile 209Pro Hydrophobic sc-sc,0.00646
16Ala 20Gln Hbond bb-bb,0.00642
134Phe 139Leu Hbond bb-bb,0.0064
200Ser 197Val Hbond sc-bb,0.00639
86Pro 120Cys Hbond bb-sc,0.00638
53Hip 254Lys Hbond sc-bb,0.00636
197Val 200Ser Hbond bb-sc,0.00636
289Gln 293Leu Hbond bb-sc,0.00633
250Leu 246Lys Hbond sc-bb,0.00633
231Leu 234Met Hbond bb-sc,0.00627
103Ser 208Gly Hbond bb-bb,0.00627
293Leu 289Gln Hbond sc-bb,0.00626
247Lys 244Asp Hbond bb-sc,0.00626
122Gln 126Gln Hbond sc-sc,0.00626
43Asn 48Val Hbond sc-bb,0.00623
120Cys 86Pro Hbond sc-bb,0.00623
228Asp 232Leu Hbond bb-bb,0.00619
217Gly 221Ser Hbond bb-sc,0.00618
246Lys 250Leu Hbond bb-sc,0.00617
234Met 231Leu Hbond sc-bb,0.00617
146Glu 148Ile Hbond sc-sc,0.00617
244Asp 247Lys Hbond sc-bb,0.00612
43Asn 65Tyr Hbond sc-sc,0.00608
55Arg 52Asp Hbond sc-bb,0.00606
221Ser 217Gly Hbond sc-bb,0.00606
40Lys 35Lys Hbond sc-bb,0.00604
233Leu 236Lys Hbond bb-bb,0.00604
86Pro 94Phe Hydrophobic sc-sc,0.00602
52Asp 55Arg Hbond bb-sc,0.00602
89Asn 41Asn Hbond sc-bb,0.006
252Met 256Arg Hbond bb-bb,0.00599
5Glu 246Lys Saltbr sc-sc,0.00594
277Ala 281Met Hbond bb-bb,0.00592
257Met 259Leu Hbond bb-bb,0.00592
192Asn 291Lys Hbond sc-sc,0.00592
18Ile 14Ser Hbond sc-bb,0.00592
220Arg 224Phe Hbond bb-bb,0.0059
54Ser 70Leu Hbond bb-bb,0.00588
220Arg 223Thr Hbond bb-bb,0.00585
134Phe 136Asp Hbond bb-bb,0.00585
60Gln 63Asn Hbond sc-bb,0.00583
82Leu 80Tyr Hbond sc-bb,0.00574
136Asp 138Asn Hbond bb-bb,0.00565
272Ala 275Glu Hbond bb-bb,0.00558
94Phe 97Met Hbond bb-bb,0.00554
33Val 36Leu Hbond bb-sc,0.00553
14Ser 18Ile Hbond bb-sc,0.00551
114Glu 116Gly Hbond bb-bb,0.0055
80Tyr 82Leu Hbond bb-sc,0.00546
52Asp 31Cys Hbond sc-bb,0.00546
26Ala 28Asp Hbond bb-bb,0.00542
36Leu 33Val Hbond sc-bb,0.00541
21Asp 25Glu Hbond bb-bb,0.00541
39Asn 33Val Hbond sc-bb,0.00538
100Glh 102Lys Hbond bb-bb,0.00538
83Thr 68Ala Hbond sc-bb,0.00536
286Val 290Trp Hbond bb-sc,0.00533
33Val 39Asn Hbond bb-sc,0.00531
37Pro 40Lys Hbond bb-bb,0.0053
218Ile 222Gly Hbond bb-bb,0.00526
110Asn 120Cys Hbond sc-sc,0.00521
31Cys 52Asp Hbond bb-sc,0.00519
204Ser 207Hip Hbond bb-bb,0.00515
201Gly 203Leu Hbond bb-bb,0.00515
290Trp 286Val Hbond sc-bb,0.00514
68Ala 83Thr Hbond bb-sc,0.0051
63Asn 60Gln Hbond bb-sc,0.00507
278Lys 283Asp Hbond bb-bb,0.00507
284Ser 286Val Hbond bb-bb,0.00504
102Lys 208Gly Hbond bb-bb,0.00503
277Ala 279Phe Hbond bb-bb,0.00497
16Ala 19Tyr Hbond bb-bb,0.00493
249Leu 252Met Hbond bb-bb,0.00491
233Leu 243Val Hydrophobic sc-sc,0.0049
89Asn 91Cys Hbond bb-bb,0.00489
245Ile 270Tyr Hydrophobic sc-sc,0.00484
81Ile 212Val Hbond bb-bb,0.00483
140Lys 158Glu Hbond bb-bb,0.00477
59Hip 61Glu Hbond bb-bb,0.00471
232Leu 198Arg Hbond bb-sc,0.00469
174Hie 110Asn Hbond sc-bb,0.00463
286Val 289Gln Hbond bb-bb,0.00461
161Asn 164Thr Hbond sc-sc,0.0046
84Gln 42Arg Hbond sc-bb,0.00459
198Arg 228Asp Saltbr sc-sc,0.00456
71Ile 80Tyr Hbond bb-bb,0.00454
110Asn 174Hie Hbond bb-sc,0.00449
42Arg 84Gln Hbond bb-sc,0.00448
198Arg 232Leu Hbond sc-bb,0.00448
98Val 170Ile Hydrophobic sc-sc,0.00441
75Glu 237Arg Saltbr sc-sc,0.00441
271Leu 275Glu Hbond bb-bb,0.0044
113Met 118Leu Hydrophobic sc-sc,0.00435
198Arg 201Gly Hbond bb-bb,0.00434
131Glu 142Thr Hbond sc-sc,0.00432
34Ala 39Asn Hbond bb-sc,0.0043
233Leu 248Val Hydrophobic sc-sc,0.0043
253Arg 249Leu Hbond sc-bb,0.00426
45Tyr 48Val Hbond bb-bb,0.00423
108Met 173Phe Hbond bb-bb,0.00417
89Asn 136Asp Hbond bb-sc,0.00416
39Asn 34Ala Hbond sc-bb,0.00413
230Cys 233Leu Hbond bb-bb,0.00413
128Glu 130Lys Hbond bb-bb,0.00413
52Asp 30Pro Hbond sc-bb,0.00409
44Arg 84Gln Hbond bb-sc,0.00408
226Leu 229Thr Hbond bb-bb,0.00407
134Phe 138Asn Hbond bb-bb,0.00407
78Arg 80Tyr Hbond sc-sc,0.00402
249Leu 253Arg Hbond bb-sc,0.00402
84Gln 44Arg Hbond sc-bb,0.00394
51Phe 55Arg Hbond bb-bb,0.00391
30Pro 52Asp Hbond bb-sc,0.00391
201Gly 204Ser Hbond bb-bb,0.0039
288Asp 291Lys Hbond bb-bb,0.00389
69Ser 256Arg Hbond sc-sc,0.00386
151Tyr 177Thr Hbond bb-sc,0.00386
18Ile 266Leu Hydrophobic sc-sc,0.00385
165Gln 167Thr Hbond bb-bb,0.00385
177Thr 151Tyr Hbond sc-bb,0.00379
78Arg 203Leu Hbond sc-sc,0.00375
44Arg 86Pro Hbond sc-bb,0.00375
262Thr 264Asp Hbond sc-bb,0.00374
255Phe 54Ser Hbond bb-sc,0.00366
67Asn 84Gln Hbond sc-sc,0.0036
264Asp 262Thr Hbond bb-sc,0.00358
113Met 116Gly Hbond sc-bb,0.00358
107Val 211Val Hbond bb-bb,0.00358
2Met 273Val Hydrophobic sc-sc,0.00355
86Pro 44Arg Hbond bb-sc,0.00354
294Ser 290Trp Hbond sc-bb,0.00353
43Asn 67Asn Hbond sc-sc,0.0035
24Hip 20Gln Hbond sc-bb,0.00348
69Ser 82Leu Hbond bb-bb,0.00342
145Ser 156Gln Hbond bb-bb,0.00342
220Arg 109Leu Hbond sc-bb,0.0034
5Glu 270Tyr Hbond sc-sc,0.00339
15Trp 18Ile Hbond bb-bb,0.00338
214Csp 218Ile Hbond sc-bb,0.00336
6Phe 274Ile Hydrophobic sc-sc,0.00335
109Leu 220Arg Hbond bb-sc,0.00335
202Ser 204Ser Hbond bb-bb,0.00333
4Lys 8Gln Hbond bb-sc,0.00331
132Met 141Leu Hbond bb-bb,0.00331
2Met 245Ile Hbond sc-sc,0.0033
1Glu 243Val Hbond bb-bb,0.0033
276Gly 279Phe Hbond bb-bb,0.00329
197Val 203Leu Hbond sc-sc,0.00329
93Hie 136Asp Hbond sc-sc,0.00327
98Val 211Val Hydrophobic sc-sc,0.00326
25Glu 27Ser Hbond bb-bb,0.00325
9Ile 13Gly Hbond bb-bb,0.00324
45Tyr 47Asp Hbond bb-bb,0.00324
133Ile 135Glu Hbond bb-bb,0.00324
75Glu 236Lys Hbond bb-sc,0.00321
290Trp 294Ser Hbond bb-sc,0.00321
6Phe 15Trp Hydrophobic sc-sc,0.0032
69Ser 255Phe Hbond sc-bb,0.0032
229Thr 232Leu Hbond bb-bb,0.0032
35Lys 40Lys Hbond bb-sc,0.00318
7Glu 9Ile Hbond bb-bb,0.00317
249Leu 266Leu Hydrophobic sc-sc,0.00316
201Gly 207Hip Hbond bb-sc,0.0031
69Ser 71Ile Hbond bb-bb,0.00309
9Ile 18Ile Hydrophobic sc-sc,0.00307
228Asp 231Leu Hbond bb-bb,0.00307
219Gly 223Thr Hbond bb-sc,0.00307
23Arg 25Glu Hbond bb-bb,0.00305
223Thr 219Gly Hbond sc-bb,0.00305
140Lys 160Glu Hbond bb-bb,0.00305
40Lys 43Asn Hbond bb-bb,0.00302
20Gln 24Hip Hbond bb-sc,0.003
127Lys 129Glu Saltbr sc-sc,0.00299
255Phe 69Ser Hbond bb-sc,0.00297
235Asp 237Arg Hbond bb-bb,0.00297
237Arg 242Ser Hbond sc-sc,0.00291
19Tyr 261Gln Hbond sc-bb,0.0029
58Leu 60Gln Hbond bb-bb,0.00288
124Trp 155Arg Hbond sc-sc,0.00288
8Gln 4Lys Hbond sc-bb,0.00286
283Asp 285Ser Hbond sc-bb,0.00286
141Leu 159Leu Hydrophobic sc-sc,0.00286
105Gly 202Ser Hbond bb-sc,0.00284
236Lys 76Ala Hbond sc-bb,0.00277
213Hid 84Gln Hbond sc-bb,0.00277
160Glu 167Thr Hbond sc-sc,0.00277
234Met 237Arg Hbond bb-bb,0.00274
233Leu 229Thr Hbond sc-bb,0.00274
149Lys 297Asp Saltbr sc-sc,0.00273
57Lys 100Glh Hbond bb-sc,0.00269
116Gly 113Met Hbond bb-sc,0.00269
9Ile 15Trp Hydrophobic sc-sc,0.00268
54Ser 255Phe Hbond sc-bb,0.00268
267Arg 270Tyr Hbond bb-bb,0.00268
22Ile 26Ala Hbond bb-bb,0.00267
18Ile 22Ile Hbond bb-sc,0.00267
102Lys 168Arg Hbond sc-sc,0.00265
8Gln 11Lys Hbond bb-bb,0.00263
43Asn 45Tyr Hbond bb-bb,0.00263
84Gln 213Hid Hbond bb-sc,0.00262
159Leu 170Ile Hydrophobic sc-sc,0.00262
161Asn 165Gln Hbond bb-bb,0.00261
202Ser 105Gly Hbond sc-bb,0.0026
22Ile 18Ile Hbond sc-bb,0.00256
203Leu 210Val Hydrophobic sc-sc,0.00255
153Thr 174Hie Hbond bb-bb,0.00254
76Ala 236Lys Hbond bb-sc,0.00253
80Tyr 228Asp Hbond sc-sc,0.00251
110Asn 220Arg Hbond sc-sc,0.00249
229Thr 233Leu Hbond bb-sc,0.00248
32Arg 34Ala Hbond bb-bb,0.00247
43Asn 39Asn Hbond sc-bb,0.00246
261Gln 19Tyr Hbond bb-sc,0.00246
15Trp 270Tyr Hydrophobic sc-sc,0.00246
285Ser 283Asp Hbond bb-sc,0.00243
121Ala 123Tyr Hbond bb-bb,0.0024
258Gly 253Arg Hbond bb-sc,0.00238
106Val 171Leu Hbond bb-bb,0.00237
104Arg 207Hip Hbond sc-sc,0.00237
253Arg 258Gly Hbond sc-bb,0.00233
109Leu 213Hid Hbond bb-bb,0.00233
124Trp 126Gln Hbond bb-bb,0.00228
207Hip 201Gly Hbond sc-bb,0.00227
39Asn 43Asn Hbond bb-sc,0.00225
236Lys 238Lys Hbond bb-bb,0.00225
225Cys 252Met Hbond bb-sc,0.00225
115Lys 117Ser Hbond bb-bb,0.00225
70Leu 72Lys Hbond bb-bb,0.0022
252Met 225Cys Hbond sc-bb,0.0022
205Pro 207Hip Hbond bb-bb,0.0022
19Tyr 22Ile Hbond bb-bb,0.0022
105Gly 211Val Hbond bb-bb,0.00218
99Trp 159Leu Hydrophobic sc-sc,0.00214
100Glh 57Lys Hbond sc-bb,0.00214
234Met 277Ala Hydrophobic sc-sc,0.00213
223Thr 226Leu Hbond bb-bb,0.00213
57Lys 64Asp Saltbr sc-sc,0.00208
22Ile 25Glu Hbond bb-bb,0.00208
163Thr 161Asn Hbond bb-sc,0.00208
218Ile 221Ser Hbond bb-sc,0.00204
73Met 76Ala Hbond bb-bb,0.00201
157Leu 159Leu Hbond bb-bb,0.00201
60Gln 137Thr Hbond sc-sc,0.002
33Val 35Lys Hbond bb-bb,0.00199
3Glu 7Glu Hbond bb-bb,0.00198
138Asn 162Leu Hbond bb-sc,0.00198
95Trp 157Leu Hydrophobic sc-sc,0.00195
61Glu 63Asn Hbond bb-bb,0.00194
91Cys 88Pro Hbond sc-bb,0.00193
161Asn 163Thr Hbond sc-bb,0.00193
101Gln 103Ser Hbond bb-bb,0.0019
88Pro 91Cys Hbond bb-sc,0.00188
164Thr 166Glu Hbond sc-bb,0.00186
94Phe 98Val Hbond bb-sc,0.00183
252Met 255Phe Hbond bb-sc,0.00182
271Leu 274Ile Hbond bb-bb,0.00181
270Tyr 273Val Hbond bb-bb,0.00181
221Ser 218Ile Hbond sc-bb,0.00179
255Phe 252Met Hbond sc-bb,0.00177
166Glu 164Thr Hbond bb-sc,0.00173
98Val 94Phe Hbond sc-bb,0.00172
135Glu 138Asn Hbond bb-bb,0.00172
108Met 123Tyr Hbond sc-sc,0.0017
55Arg 64Asp Saltbr sc-sc,0.00169
23Arg 26Ala Hbond bb-bb,0.00164
99Trp 139Leu Hydrophobic sc-sc,0.00161
60Gln 62Asp Hbond bb-bb,0.00161
162Leu 164Thr Hbond bb-bb,0.0016
214Csp 83Thr Hbond sc-bb,0.00159
33Val 52Asp Hbond bb-sc,0.00157
9Ile 5Glu Hbond sc-bb,0.00149
62Asp 38Lys Hbond bb-sc,0.00144
237Arg 233Leu Hbond sc-bb,0.00141
199Glu 201Gly Hbond bb-bb,0.00138
2Met 234Met Hydrophobic sc-sc,0.00137
274Ile 277Ala Hbond bb-bb,0.00136
171Leu 173Phe Hbond bb-sc,0.00135
52Asp 54Ser Hbond bb-bb,0.00131
9Ile 12Ser Hbond bb-bb,0.0013
15Trp 267Arg Hbond sc-sc,0.0013
2Met 4Lys Hbond bb-bb,0.00129
161Asn 166Glu Hbond bb-bb,0.00128
162Leu 138Asn Hbond sc-bb,0.00127
71Ile 82Leu Hydrophobic sc-sc,0.00124
5Glu 9Ile Hbond bb-sc,0.00124
135Glu 137Thr Hbond bb-bb,0.00124
248Val 251Glu Hbond bb-bb,0.00123
41Asn 43Asn Hbond bb-bb,0.00119
107Val 224Phe Hydrophobic sc-sc,0.00117
233Leu 237Arg Hbond bb-sc,0.0011
173Phe 171Leu Hbond sc-bb,0.001
198Arg 231Leu Hbond sc-sc,0.00099
154Val 173Phe Hydrophobic sc-sc,0.00097
142Thr 158Glu Hbond bb-bb,0.00097
94Phe 106Val Hydrophobic sc-sc,0.00093
90Thr 87Leu Hbond sc-bb,0.00093
247Lys 250Leu Hbond bb-bb,0.00092
140Lys 142Thr Hbond sc-sc,0.0009
77Gln 236Lys Hbond sc-sc,0.00082
44Arg 120Cys Hbond sc-bb,0.00074
252Met 254Lys Hbond bb-bb,0.00074
218Ile 260Ile Hbond bb-bb,0.00074
14Ser 17Ala Hbond bb-bb,0.00073
15Trp 266Leu Hydrophobic sc-sc,0.00062
266Leu 269Ser Hbond bb-bb,0.00057
241Ser 243Val Hbond bb-bb,0.00057
138Asn 163Thr Hbond sc-sc,0.00057
66Ile 68Ala Hbond bb-bb,0.00054
64Asp 66Ile Hbond bb-bb,0.00047
52Asp 33Val Hbond sc-bb,0.00045
272Ala 276Gly Hbond bb-bb,0.00045
87Leu 90Thr Hbond bb-sc,0.00044
120Cys 44Arg Hbond bb-sc,0.00044
226Leu 245Ile Hydrophobic sc-sc,0.00043
104Arg 169Glu Saltbr sc-sc,0.00042
30Pro 32Arg Hbond sc-sc,0.0004
239Asp 241Ser Hbond sc-bb,0.00039
214Csp 220Arg Hbond sc-sc,0.00039
214Csp 216Ala Hbond sc-bb,0.00039
36Leu 38Lys Hbond bb-bb,0.00037
51Phe 255Phe Hbond sc-bb,0.0003
74Glu 77Gln Hbond bb-bb,0.00026
255Phe 51Phe Hbond bb-sc,0.00026
72Lys 79Ser Hbond sc-sc,0.00024
290Trp 293Leu Hbond bb-bb,0.00024
99Trp 161Asn Hbond sc-sc,0.00022
32Arg 36Leu Hbond bb-sc,0.00022
2Met 274Ile Hydrophobic sc-sc,0.00021
44Arg 85Gly Hbond sc-bb,0.00019
97Met 100Glh Hbond bb-bb,0.00018
24Hip 26Ala Hbond bb-bb,0.00014
36Leu 32Arg Hbond sc-bb,0.00013
187Pro 190Phe Hbond bb-bb,0.00013
234Met 238Lys Hbond bb-bb,0.00012
2Met 5Glu Hbond bb-bb,0.00011
260Ile 262Thr Hbond bb-bb,0.00011
241Ser 239Asp Hbond bb-sc,8e-05
91Cys 87Leu Hbond sc-bb,7e-05
29Phe 31Cys Hbond bb-bb,6e-05
38Lys 41Asn Hbond bb-bb,5e-05
99Trp 102Lys Hbond bb-bb,3e-05
87Leu 91Cys Hbond bb-sc,2e-05
9Ile 14Ser Hbond bb-bb,0.0
9Ile 11Lys Hbond bb-bb,0.0
99Trp 166Glu Hbond sc-sc,0.0
98Val 95Trp Hbond sc-bb,0.0
98Val 102Lys Hbond bb-bb,0.0
97Met 211Val Hydrophobic sc-sc,0.0
97Met 101Gln Hbond bb-sc,0.0
95Trp 98Val Hbond bb-sc,0.0
95Trp 91Cys Hbond sc-bb,0.0
95Trp 170Ile Hydrophobic sc-sc,0.0
95Trp 159Leu Hydrophobic sc-sc,0.0
95Trp 141Leu Hydrophobic sc-sc,0.0
94Phe 211Val Hydrophobic sc-sc,0.0
94Phe 123Tyr Hydrophobic sc-sc,0.0
93Hie 97Met Hbond bb-bb,0.0
93Hie 96Glu Hbond bb-bb,0.0
93Hie 90Thr Hbond sc-bb,0.0
92Gly 96Glu Hbond bb-bb,0.0
92Gly 95Trp Hbond bb-bb,0.0
92Gly 137Thr Hbond bb-sc,0.0
91Cys 95Trp Hbond bb-sc,0.0
91Cys 94Phe Hbond bb-bb,0.0
90Thr 93Hie Hbond bb-sc,0.0
8Gln 12Ser Hbond bb-sc,0.0
86Pro 123Tyr Hydrophobic sc-sc,0.0
86Pro 121Ala Hbond bb-bb,0.0
85Gly 44Arg Hbond bb-sc,0.0
81Ile 97Met Hydrophobic sc-sc,0.0
81Ile 210Val Hbond bb-bb,0.0
7Glu 11Lys Hbond bb-sc,0.0
7Glu 10Asp Hbond bb-bb,0.0
75Glu 77Gln Hbond bb-bb,0.0
74Glu 76Ala Hbond bb-bb,0.0
73Met 77Gln Hbond bb-bb,0.0
71Ile 79Ser Hbond bb-bb,0.0
70Leu 81Ile Hydrophobic sc-sc,0.0
6Phe 271Leu Hydrophobic sc-sc,0.0
6Phe 270Tyr Hydrophobic sc-sc,0.0
68Ala 97Met Hydrophobic sc-sc,0.0
67Asn 65Tyr Hbond bb-sc,0.0
66Ile 97Met Hydrophobic sc-sc,0.0
65Tyr 67Asn Hbond sc-bb,0.0
60Gln 136Asp Hbond sc-bb,0.0
5Glu 8Gln Hbond bb-bb,0.0
5Glu 7Glu Hbond bb-bb,0.0
58Leu 66Ile Hydrophobic sc-sc,0.0
58Leu 64Asp Hbond bb-bb,0.0
58Leu 100Glh Hbond bb-sc,0.0
56Ile 97Met Hydrophobic sc-sc,0.0
56Ile 81Ile Hydrophobic sc-sc,0.0
56Ile 70Leu Hydrophobic sc-sc,0.0
55Arg 57Lys Hbond sc-sc,0.0
52Asp 32Arg Hbond sc-bb,0.0
51Phe 54Ser Hbond bb-bb,0.0
51Phe 31Cys Hbond bb-sc,0.0
50Pro 65Tyr Hydrophobic sc-sc,0.0
4Lys 7Glu Hbond bb-bb,0.0
48Val 218Ile Hydrophobic sc-sc,0.0
44Arg 121Ala Hbond sc-bb,0.0
43Asn 49Ser Hbond sc-sc,0.0
41Asn 37Pro Hbond sc-bb,0.0
3Glu 6Phe Hbond bb-bb,0.0
39Asn 42Arg Hbond bb-bb,0.0
39Asn 41Asn Hbond bb-bb,0.0
38Lys 63Asn Hbond sc-sc,0.0
38Lys 62Asp Hbond sc-bb,0.0
37Pro 41Asn Hbond bb-sc,0.0
36Leu 40Lys Hbond bb-bb,0.0
36Leu 39Asn Hbond bb-bb,0.0
35Lys 31Cys Hbond sc-bb,0.0
34Ala 36Leu Hbond bb-bb,0.0
33Val 65Tyr Hydrophobic sc-sc,0.0
32Arg 52Asp Hbond bb-sc,0.0
31Cys 51Phe Hbond sc-bb,0.0
31Cys 49Ser Hbond sc-sc,0.0
31Cys 35Lys Hbond bb-sc,0.0
31Cys 34Ala Hbond bb-bb,0.0
31Cys 33Val Hbond bb-bb,0.0
2Met 6Phe Hbond bb-bb,0.0
2Met 243Val Hbond sc-bb,0.0
292Glu 294Ser Hbond bb-bb,0.0
289Gln 292Glu Hbond bb-bb,0.0
286Val 283Asp Hbond sc-bb,0.0
283Asp 286Val Hbond bb-sc,0.0
281Met 238Lys Hbond sc-bb,0.0
280Ile 282Gly Hbond bb-bb,0.0
27Ser 29Phe Hbond sc-sc,0.0
27Ser 254Lys Hbond sc-sc,0.0
279Phe 282Gly Hbond bb-bb,0.0
274Ile 270Tyr Hbond sc-bb,0.0
273Val 277Ala Hbond bb-bb,0.0
270Tyr 274Ile Hbond bb-sc,0.0
268Phe 271Leu Hbond bb-bb,0.0
263Ala 266Leu Hbond bb-bb,0.0
260Ile 19Tyr Hbond bb-sc,0.0
259Leu 256Arg Hbond sc-bb,0.0
256Arg 259Leu Hbond bb-sc,0.0
255Phe 251Glu Hbond sc-bb,0.0
254Lys 251Glu Hbond sc-bb,0.0
254Lys 250Leu Hbond sc-bb,0.0
253Arg 255Phe Hbond bb-bb,0.0
251Glu 255Phe Hbond bb-sc,0.0
251Glu 254Lys Hbond bb-sc,0.0
250Leu 254Lys Hbond bb-sc,0.0
250Leu 253Arg Hbond bb-bb,0.0
249Leu 260Ile Hydrophobic sc-sc,0.0
247Lys 251Glu Hbond bb-bb,0.0
246Lys 249Leu Hbond bb-bb,0.0
245Ile 248Val Hbond bb-bb,0.0
243Val 2Met Hbond bb-sc,0.0
240Pro 243Val Hbond bb-bb,0.0
23Arg 20Gln Hbond sc-bb,0.0
238Lys 281Met Hbond bb-sc,0.0
236Lys 232Leu Hbond sc-bb,0.0
234Met 239Asp Hbond bb-bb,0.0
232Leu 236Lys Hbond bb-sc,0.0
232Leu 235Asp Hbond bb-bb,0.0
231Leu 235Asp Hbond bb-bb,0.0
230Cys 234Met Hbond bb-bb,0.0
230Cys 232Leu Hbond bb-bb,0.0
230Cys 226Leu Hbond sc-bb,0.0
22Ile 266Leu Hydrophobic sc-sc,0.0
22Ile 24Hip Hbond bb-bb,0.0
22Ile 249Leu Hydrophobic sc-sc,0.0
226Leu 248Val Hydrophobic sc-sc,0.0
226Leu 230Cys Hbond bb-sc,0.0
225Cys 228Asp Hbond bb-bb,0.0
225Cys 221Ser Hbond sc-bb,0.0
222Gly 225Cys Hbond bb-bb,0.0
221Ser 225Cys Hbond bb-sc,0.0
221Ser 224Phe Hbond bb-bb,0.0
21Asp 17Ala Hbond sc-bb,0.0
214Csp 85Gly Hbond sc-bb,0.0
214Csp 221Ser Hbond sc-sc,0.0
214Csp 110Asn Hbond sc-sc,0.0
212Val 221Ser Hbond sc-sc,0.0
210Val 212Val Hbond bb-bb,0.0
20Gln 23Arg Hbond bb-sc,0.0
209Pro 103Ser Hbond bb-sc,0.0
206Glu 204Ser Hbond sc-bb,0.0
204Ser 206Glu Hbond bb-sc,0.0
202Ser 200Ser Hbond bb-sc,0.0
200Ser 202Ser Hbond sc-bb,0.0
1Glu 5Glu Hbond bb-bb,0.0
19Tyr 260Ile Hbond sc-bb,0.0
198Arg 200Ser Hbond bb-bb,0.0
197Val 224Phe Hydrophobic sc-sc,0.0
197Val 193Phe Hbond sc-bb,0.0
194Leu 197Val Hbond bb-bb,0.0
193Phe 197Val Hbond bb-sc,0.0
17Ala 21Asp Hbond bb-sc,0.0
176Thr 151Tyr Hbond sc-bb,0.0
168Arg 170Ile Hbond bb-bb,0.0
165Gln 162Leu Hbond sc-bb,0.0
165Gln 160Glu Hbond bb-sc,0.0
163Thr 165Gln Hbond bb-bb,0.0
162Leu 165Gln Hbond bb-sc,0.0
161Asn 138Asn Hbond sc-bb,0.0
160Glu 165Gln Hbond sc-bb,0.0
15Trp 19Tyr Hbond bb-bb,0.0
159Leu 168Arg Hbond bb-bb,0.0
159Leu 167Thr Hbond bb-bb,0.0
158Glu 167Thr Hbond sc-sc,0.0
157Leu 170Ile Hbond bb-bb,0.0
156Gln 170Ile Hbond bb-bb,0.0
156Gln 144Ile Hbond bb-sc,0.0
151Tyr 176Thr Hbond bb-sc,0.0
14Ser 12Ser Hbond sc-bb,0.0
148Ile 153Thr Hbond sc-sc,0.0
146Glu 155Arg Saltbr sc-sc,0.0
146Glu 153Thr Hbond sc-sc,0.0
144Ile 156Gln Hbond sc-bb,0.0
143Leu 157Leu Hydrophobic sc-sc,0.0
13Gly 15Trp Hbond bb-bb,0.0
139Leu 137Thr Hbond sc-bb,0.0
138Asn 161Asn Hbond bb-sc,0.0
137Thr 92Gly Hbond sc-bb,0.0
137Thr 139Leu Hbond bb-sc,0.0
136Asp 89Asn Hbond sc-bb,0.0
134Phe 141Leu Hydrophobic sc-sc,0.0
133Ile 162Leu Hydrophobic sc-sc,0.0
131Glu 140Lys Saltbr sc-sc,0.0
12Ser 8Gln Hbond sc-bb,0.0
12Ser 14Ser Hbond bb-sc,0.0
127Lys 130Lys Hbond bb-bb,0.0
125Pro 143Leu Hydrophobic sc-sc,0.0
125Pro 141Leu Hydrophobic sc-sc,0.0
125Pro 132Met Hydrophobic sc-sc,0.0
125Pro 127Lys Hbond bb-bb,0.0
122Gln 124Trp Hbond sc-sc,0.0
121Ala 44Arg Hbond bb-sc,0.0
11Lys 7Glu Hbond sc-bb,0.0
110Asn 108Met Hbond bb-sc,0.0
10Asp 12Ser Hbond bb-bb,0.0
108Met 124Trp Hydrophobic sc-sc,0.0
108Met 110Asn Hbond sc-bb,0.0
107Val 213Hid Hbond bb-bb,0.0
104Arg 202Ser Hbond sc-sc,0.0
104Arg 170Ile Hbond bb-bb,0.0
103Ser 209Pro Hbond sc-bb,0.0
102Lys 104Arg Hbond bb-bb,0.0
101Gln 97Met Hbond sc-bb,0.0
100Glh 58Leu Hbond sc-bb,0.0
